Name,sex,January 2000,July 2000,October 2000,January 2001,April 2001,July 2001,October 2001,January 2002,April 2002,July 2002,October 2002,January 2003,April 2003,July 2003,October 2003,January 2004,April 2004,July 2004,October 2004,January 2005,April 2005,July 2005,October 2005,January 2006,April 2006,July 2006,October 2006,January 2007,April 2007,July 2007,October 2007,January 2008,April 2008,July 2008,October 2008,January 2009,April 2009,July 2009,September 2009,November 2009,January 2010,March 2010,May 2010,July 2010,September 2010,November 2010,January 2011,March 2011,May 2011,July 2011,September 2011,November 2011,January 2012,March 2012,May 2012,July 2012,August 2012,September 2012,October 2012,November 2012,December 2012,January 2013,February 2013,March 2013,April 2013,May 2013,June 2013,July 2013,August 2013,September 2013,October 2013,November 2013,December 2013,January 2014,February 2014,March 2014,April 2014,May 2014,June 2014,July 2014,August 2014,September 2014,October 2014,November 2014,December 2014,January 2015,February 2015,March 2015,April 2015,May 2015,June 2015,July 2015,August 2015,September 2015,October 2015,November 2015,December 2015,January 2016,February 2016,March 2016,April 2016,May 2016,June 2016,July 2016,August 2016,September 2016,October 2016,November 2016,December 2016,January 2017,February 2017,March 2017,April 2017,May 2017,June 2017,July 2017,August 2017,September 2017,October 2017,November 2017,December 2017,January 2018,February 2018,March 2018,April 2018,May 2018,June 2018,July 2018,August 2018,September 2018,October 2018,November 2018,December 2018,January 2019,February 2019,March 2019,April 2019,May 2019,June 2019,July 2019,August 2019,September 2019,October 2019,November 2019,December 2019,January 2020,February 2020,March 2020,April 2020,May 2020,June 2020,July 2020,August 2020,September 2020,October 2020,November 2020,December 2020,January 2021,February 2021,March 2021,April 2021,May 2021,June 2021,July 2021,August 2021,September 2021,October 2021,November 2021,December 2021,January 2022,February 2022,March 2022,April 2022,May 2022,June 2022
"Adhiban, B. ",M,,,,,,,,,,,,,2061,2059,2059,2019,2046,2072,2075,2093,2137,2193,2190,2222,2233,2310,2303,2275,2368,2406,2422,2401,2421,2422,2439,2504,2483,2481,2490,2486,2511,2510,2510,2483,2516,2515,2530,2543,2543,2542,2551,2544,2561,2561,2555,2553,2553,2564,2564,2559,2567,2558,2547,2561,2555,2556,2567,2567,2567,2567,2587,2569,2569,2590,2590,2608,2609,2624,2624,2610,2619,2619,2630,2630,2630,2630,2630,2646,2630,2636,2627,2627,2643,2674,2674,2669,2669,2653,2653,2663,2663,2665,2677,2671,2671,2671,2689,2666,2666,2653,2682,2682,2661,2672,2670,2677,2677,2670,2671,2655,2655,2655,2643,2650,2661,2671,2671,2671,2671,2668,2668,2682,2695,2689,2689,2683,2701,2701,2676,2665,2665,2639,2639,2654,2654,2654,2654,2659,2659,2659,2659,2659,2659,2659,2659,2659,2659,2659,2659,2659,2660,2660,2660,2660,2660,2672,2672,2672,2648,2648,2648,2648,2633,2616,2616
Akash G,M,,,,,,,,,,,,,,,,,,,,,,,,,,,,,,,2013,1935,1967,1998,2054,2044,2111,2150,2161,2148,2132,2138,2138,2188,2213,2214,2214,2211,2211,2196,2239,2275,2275,2275,2275,2347,2343,2343,2343,2404,2404,2407,2407,2397,2397,2397,2380,2332,2340,2340,2343,2343,2343,2345,2345,2345,2345,2345,2345,2352,2354,2354,2354,2354,2354,2354,2354,2354,2354,2354,2354,2354,2368,2383,2408,2408,2408,2408,2400,2400,2400,2400,2400,2400,2400,2395,2395,2395,2395,2405,2391,2391,2391,2391,2391,2391,2391,2391,2391,2391,2391,2391,2391,2391,2391,2391,2391,2391,2410,2424,2424,2443,2443,2453,2411,2411,2414,2404,2404,2394,2394,2414,2449,2456,2431,2461,2449,2487,2495,2495,2495,2495,2495,2495,2495,2495,2495,2495,2495,2495,2495,2495,2495,2495,2495,2495,2495,2495,2495,2495,2495,2495,2495,2495,2495
"Akshayraj, Kore ",M,,2103,2080,2080,2101,2089,2101,2101,2092,2107,2167,2275,2283,2300,2318,2330,2330,2330,2400,2409,2388,2395,2395,2395,2395,2395,2429,2416,2416,2416,2416,2399,2395,2392,2400,2403,2404,2411,2394,2394,2394,2394,2394,2394,2379,2379,2379,2382,2374,2374,2384,2386,2386,2422,2454,2454,2483,2472,2472,2459,2459,2463,2455,2481,2512,2508,2508,2493,2481,2481,2481,2481,2481,2481,2491,2486,2486,2491,2482,2482,2463,2468,2468,2468,2468,2468,2472,2472,2472,2472,2472,2470,2470,2470,2470,2470,2470,2470,2470,2470,2470,2470,2470,2470,2470,2470,2470,2470,2470,2470,2470,2470,2470,2470,2470,2470,2470,2474,2475,2475,2482,2482,2482,2482,2482,2482,2482,2482,2482,2482,2482,2482,2482,2482,2482,2482,2482,2482,2482,2482,2482,2482,2482,2482,2482,2482,2482,2482,2482,2482,2482,2482,2482,2482,2482,2482,2482,2482,2482,2482,2482,2482,2482,2482,2482,2482,2482,2482,2482,2482,2482,2482,2482,2482,2482
"Anand, Viswanathan ",M,2769,2762,2774,2790,2794,2797,2770,2757,2752,2755,2755,2753,2764,2774,2766,2766,2774,2782,2781,2786,2785,2788,2788,2792,2803,2779,2779,2779,2786,2792,2801,2799,2803,2798,2783,2791,2783,2788,2788,2788,2790,2787,2789,2800,2800,2804,2810,2817,2817,2817,2817,2811,2799,2799,2791,2780,2780,2780,2780,2775,2775,2772,2780,2784,2783,2783,2786,2775,2775,2775,2775,2775,2773,2773,2773,2770,2785,2785,2785,2785,2785,2785,2785,2792,2793,2797,2797,2791,2791,2804,2804,2816,2816,2816,2803,2803,2796,2784,2784,2762,2770,2770,2770,2770,2770,2776,2776,2779,2779,2786,2786,2786,2786,2786,2786,2783,2783,2794,2783,2782,2782,2767,2779,2776,2776,2760,2759,2768,2768,2771,2771,2773,2773,2773,2779,2779,2774,2774,2767,2764,2756,2765,2765,2757,2757,2758,2755,2753,2753,2753,2753,2753,2753,2753,2753,2753,2753,2753,2753,2753,2753,2753,2753,2753,2753,2753,2753,2751,2751,2751,2751,2751,2751,2751,2751
"Ankit, R. Rajpara ",M,,,,,,,,,,,,,,,2049,2049,2031,1996,1996,1996,1971,1979,1969,1969,1977,2035,2039,2071,2115,2123,2135,2122,2160,2193,2200,2179,2179,2229,2259,2299,2298,2334,2350,2362,2364,2380,2362,2353,2353,2341,2281,2349,2349,2399,2412,2401,2401,2401,2397,2423,2424,2407,2421,2421,2421,2428,2428,2421,2439,2469,2469,2469,2443,2443,2455,2476,2506,2506,2511,2511,2509,2509,2508,2494,2494,2479,2479,2477,2474,2461,2461,2461,2460,2467,2467,2472,2489,2489,2491,2491,2491,2476,2476,2476,2476,2474,2474,2474,2474,2474,2474,2474,2474,2474,2474,2474,2465,2465,2465,2465,2465,2465,2465,2465,2465,2465,2465,2465,2465,2465,2465,2465,2465,2465,2451,2462,2462,2447,2447,2454,2454,2452,2452,2452,2452,2452,2452,2452,2452,2452,2452,2452,2452,2452,2452,2452,2452,2452,2452,2452,2452,2452,2452,2452,2452,2452,2452,2452,2452,2452,2452,2452,2452,2452,2452
"Anurag, Mhamal ",M,,,,,,,,,,,,,,,,1855,1855,1881,1914,1914,1914,1914,1897,1897,1897,1901,1888,1921,2006,2059,2092,2106,2126,2113,2143,2159,2158,2175,2224,2222,2236,2210,2210,2207,2207,2198,2198,2198,2198,2189,2208,2222,2240,2273,2295,2301,2312,2337,2349,2392,2370,2399,2401,2401,2401,2401,2401,2418,2427,2426,2437,2437,2416,2420,2420,2420,2420,2420,2414,2405,2412,2442,2442,2437,2437,2446,2426,2413,2402,2402,2397,2393,2393,2397,2397,2387,2391,2387,2383,2421,2421,2406,2392,2392,2402,2427,2423,2423,2423,2423,2454,2454,2454,2466,2466,2477,2487,2487,2487,2488,2488,2472,2476,2484,2484,2484,2484,2484,2484,2471,2495,2491,2491,2492,2492,2504,2504,2497,2497,2490,2490,2490,2490,2490,2490,2499,2499,2499,2499,2499,2499,2499,2499,2499,2499,2499,2499,2499,2499,2499,2499,2499,2499,2499,2499,2499,2499,2499,2499,2499,2499,2499,2499,2499,2499
"Aravindh, Chithambaram VR. ",M,,,,,,,,,,,,,,,,,,,,,,,,,,,,,,,,,,,,,,,1821,1806,1889,1948,2014,2007,2055,2091,2113,2170,2180,2212,2213,2262,2246,2199,2228,2245,2240,2270,2276,2311,2338,2342,2331,2327,2333,2328,2328,2306,2336,2336,2346,2335,2415,2381,2381,2395,2417,2439,2444,2443,2467,2496,2485,2485,2476,2504,2504,2504,2504,2504,2504,2507,2505,2487,2487,2496,2486,2500,2500,2506,2515,2528,2536,2543,2543,2564,2564,2565,2566,2588,2588,2588,2588,2588,2593,2593,2579,2573,2573,2572,2586,2607,2617,2617,2597,2597,2580,2580,2581,2578,2579,2584,2584,2601,2601,2599,2602,2598,2598,2600,2607,2609,2609,2605,2605,2630,2630,2641,2641,2641,2641,2641,2641,2641,2641,2641,2641,2641,2641,2641,2641,2641,2641,2641,2641,2611,2611,2611,2611,2611,2611,2611,2613,2606,2606
Arjun Kalyan,M,,,,,,,,,,,,,,,,,,,,,,,,,,,,,,,,,,,,,,,,,,,,,,,,,,,,,,,,1393,1393,1363,1363,1363,1401,1401,1439,1439,1439,1439,1465,1465,1473,1489,1536,1567,1581,1581,1681,1734,1734,1789,1819,1826,1826,1778,1778,1866,1853,1818,1808,1822,1822,1888,1925,2037,2149,2150,2150,2108,2108,2108,2300,2300,2300,2324,2298,2292,2292,2312,2312,2308,2269,2269,2280,2280,2280,2322,2322,2347,2366,2406,2406,2419,2419,2407,2397,2397,2397,2383,2370,2370,2390,2408,2408,2406,2406,2395,2444,2444,2445,2484,2484,2482,2482,2473,2483,2477,2477,2477,2477,2477,2477,2477,2477,2477,2477,2477,2477,2477,2477,2477,2477,2477,2477,2503,2503,2503,2503,2532,2537,2537,2537,2532,2506,2506,2477,2477,2477
"Arun Prasad, S. ",M,2047,2063,2063,2063,2081,2081,2064,2085,2137,2142,2213,2272,2275,2296,2306,2292,2334,2348,2367,2347,2374,2374,2384,2384,2384,2433,2424,2399,2433,2448,2423,2423,2465,2492,2530,2552,2552,2556,2564,2570,2567,2549,2550,2535,2535,2519,2513,2496,2495,2489,2522,2530,2530,2517,2519,2518,2531,2522,2510,2513,2513,2514,2514,2521,2521,2521,2522,2529,2529,2529,2529,2529,2507,2504,2477,2477,2472,2472,2472,2472,2482,2482,2482,2482,2482,2502,2502,2502,2508,2496,2496,2496,2503,2520,2520,2519,2519,2519,2519,2509,2509,2502,2502,2502,2491,2490,2490,2490,2490,2490,2490,2490,2490,2490,2490,2490,2490,2490,2490,2490,2490,2490,2501,2501,2501,2501,2501,2501,2501,2501,2501,2501,2501,2501,2501,2501,2501,2501,2507,2507,2507,2507,2507,2507,2507,2507,2507,2507,2507,2507,2507,2507,2507,2507,2507,2507,2507,2507,2507,2507,2507,2507,2507,2507,2507,2507,2507,2507,2507,2507,2507,2507,2507,2507,2507
Aryan Chopra,M,,,,,,,,,,,,,,,,,,,,,,,,,,,,,,,,,,,,,,1741,1705,1705,1700,1716,1716,1776,1793,1806,1817,1817,1817,1833,1833,1836,1869,1869,1969,1985,2023,2051,2051,2051,2120,2120,2120,2120,2120,2120,2122,2122,2147,2189,2259,2259,2259,2259,2242,2242,2242,2242,2242,2252,2246,2337,2337,2337,2337,2337,2334,2334,2334,2334,2334,2402,2402,2430,2430,2436,2436,2447,2447,2447,2447,2459,2459,2483,2485,2480,2503,2503,2503,2503,2503,2491,2491,2491,2491,2491,2507,2529,2529,2529,2536,2509,2509,2509,2523,2536,2536,2536,2536,2541,2541,2540,2540,2540,2540,2540,2547,2553,2553,2553,2553,2562,2562,2562,2562,2562,2562,2585,2585,2585,2585,2585,2585,2585,2585,2585,2585,2585,2585,2585,2585,2585,2585,2585,2585,2585,2585,2585,2585,2585,2585,2585,2592,2609,2609
"Ashwin, Jayaram ",M,,,,,,,,,,,2113,2116,2121,2089,2102,2127,2126,2147,2160,2176,2213,2222,2239,2251,2253,2221,2322,2399,2399,2399,2478,2478,2446,2436,2437,2428,2413,2425,2451,2448,2434,2446,2457,2454,2431,2420,2427,2439,2439,2449,2473,2472,2472,2454,2471,2476,2470,2473,2480,2488,2473,2460,2472,2472,2472,2472,2472,2470,2478,2461,2461,2487,2487,2474,2474,2471,2454,2462,2462,2457,2457,2468,2468,2442,2445,2445,2463,2474,2468,2468,2492,2493,2504,2515,2515,2500,2475,2478,2472,2471,2460,2460,2460,2473,2465,2468,2468,2477,2490,2490,2492,2492,2492,2492,2492,2492,2485,2474,2474,2474,2486,2486,2484,2484,2484,2483,2493,2493,2495,2495,2494,2500,2500,2500,2500,2500,2494,2494,2480,2480,2480,2480,2480,2480,2480,2480,2480,2480,2480,2480,2480,2480,2480,2480,2480,2480,2480,2480,2480,2480,2480,2480,2480,2480,2480,2480,2480,2480,2480,2480,2471,2471,2471,2471,2471
"Bakre, Tejas ",M,2352,2358,2357,2401,2419,2462,2446,2477,2458,2450,2452,2464,2471,2434,2443,2446,2497,2492,2491,2484,2474,2467,2484,2480,2477,2454,2447,2441,2426,2456,2459,2459,2455,2474,2448,2448,2452,2453,2465,2474,2465,2465,2483,2509,2525,2525,2530,2530,2518,2522,2507,2509,2509,2513,2482,2482,2477,2488,2481,2481,2492,2492,2492,2492,2488,2467,2470,2460,2455,2455,2455,2455,2455,2444,2444,2452,2452,2452,2452,2452,2452,2452,2452,2454,2454,2456,2456,2458,2437,2437,2437,2430,2449,2438,2438,2438,2462,2462,2462,2453,2453,2453,2453,2453,2453,2450,2450,2450,2450,2457,2457,2454,2454,2449,2449,2449,2464,2456,2456,2456,2444,2444,2444,2427,2427,2439,2439,2439,2431,2431,2431,2430,2433,2443,2443,2447,2447,2447,2447,2447,2448,2445,2445,2445,2445,2425,2425,2413,2413,2413,2413,2413,2413,2413,2413,2413,2413,2413,2413,2413,2413,2413,2413,2413,2413,2413,2413,2413,2413,2413,2413,2413,2413,2413,2413
"Barua, Dibyendu ",M,2555,2502,2513,2494,2494,2499,2542,2535,2533,2542,2541,2541,2545,2561,2528,2549,2539,2532,2525,2520,2475,2475,2475,2464,2460,2453,2471,2467,2468,2462,2491,2491,2492,2497,2498,2490,2483,2473,2473,2493,2493,2479,2488,2468,2468,2468,2468,2468,2468,2468,2460,2460,2460,2441,2429,2429,2429,2429,2429,2410,2410,2413,2431,2431,2431,2431,2431,2431,2452,2452,2452,2452,2452,2452,2452,2452,2452,2452,2452,2452,2449,2449,2449,2449,2449,2449,2449,2449,2449,2449,2449,2449,2449,2449,2449,2449,2449,2448,2448,2448,2448,2448,2448,2448,2448,2448,2448,2448,2448,2448,2448,2448,2448,2448,2448,2448,2448,2448,2448,2448,2448,2448,2443,2443,2443,2443,2443,2443,2443,2443,2422,2414,2414,2414,2414,2409,2409,2393,2393,2393,2379,2393,2393,2393,2393,2393,2393,2393,2393,2393,2393,2393,2393,2393,2393,2393,2393,2393,2393,2393,2393,2393,2393,2393,2393,2393,2393,2393,2393,2393,2393,2393,2393,2393,2393
Bharath Subramaniyam H,M,,,,,,,,,,,,,,,,,,,,,,,,,,,,,,,,,,,,,,,,,,,,,,,,,,,,,,,,,,,,,,,,,,,,,,,,,1009,1009,,1261,1261,1306,1306,1324,1324,1388,1378,1324,1270,1388,1512,1512,1512,1512,1669,1669,1637,1660,1602,1646,1690,1695,1731,1910,1910,1896,1896,1899,1884,1946,1903,1983,2023,2023,1958,2162,2162,2204,2219,2209,2209,2163,2084,2050,2014,1998,1997,1997,1997,2190,2196,2231,2276,2276,2276,2234,2234,2202,2301,2301,2301,2383,2383,2405,2417,2417,2417,2420,2420,2413,2402,2437,2437,2437,2437,2437,2437,2437,2437,2437,2437,2437,2437,2437,2437,2437,2437,2426,2435,2435,2435,2479,2479,2476,2508,2508,2503,2479,2479
"Chanda, Sandipan ",M,2424,2446,2431,2431,2428,2427,2404,2452,2500,2507,2510,2464,2478,2469,2504,2522,2561,2555,2543,2554,2558,2560,2560,2522,2546,2543,2550,2561,2552,2563,2593,2593,2585,2588,2579,2568,2558,2585,2611,2623,2622,2635,2640,2637,2641,2631,2641,2638,2656,2656,2640,2628,2628,2595,2618,2618,2611,2596,2596,2596,2613,2590,2590,2628,2628,2613,2613,2623,2623,2609,2609,2609,2609,2609,2609,2594,2594,2594,2594,2597,2619,2619,2603,2603,2599,2574,2574,2569,2598,2575,2575,2585,2585,2574,2567,2582,2582,2583,2583,2577,2585,2585,2585,2568,2572,2591,2593,2593,2593,2577,2573,2573,2575,2575,2575,2575,2568,2570,2555,2554,2566,2579,2579,2579,2579,2573,2571,2548,2554,2535,2535,2545,2555,2541,2534,2534,2521,2511,2511,2516,2529,2529,2529,2535,2545,2546,2552,2543,2543,2543,2543,2543,2543,2543,2543,2543,2543,2543,2543,2543,2543,2543,2543,2543,2543,2543,2543,2499,2485,2485,2485,2485,2485,2467,2467
"Debashis, Das ",M,,,,,,,,,,,,,,,,2046,2046,2046,2046,2057,2078,2078,2120,2120,2119,2118,2118,2138,2197,2197,2286,2279,2294,2295,2310,2365,2352,2374,2364,2381,2400,2400,2400,2411,2421,2411,2406,2398,2392,2396,2375,2369,2389,2425,2425,2446,2446,2451,2454,2451,2464,2474,2474,2477,2477,2488,2482,2478,2495,2489,2497,2507,2507,2494,2494,2508,2504,2501,2484,2484,2485,2485,2485,2485,2485,2503,2497,2508,2508,2508,2508,2489,2489,2489,2501,2505,2505,2505,2487,2471,2452,2459,2459,2451,2459,2466,2478,2463,2472,2472,2472,2480,2501,2496,2496,2505,2493,2494,2494,2494,2501,2501,2501,2533,2518,2522,2522,2529,2539,2548,2548,2544,2544,2538,2532,2532,2538,2544,2544,2525,2523,2523,2523,2523,2523,2523,2501,2501,2501,2501,2501,2501,2501,2501,2501,2501,2501,2501,2501,2501,2501,2501,2501,2501,2501,2501,2501,2491,2491,2491,2491,2491,2491,2491,2491
Deepan Chakkravarthy J.,M,2186,2221,2290,2298,2283,2319,2297,2305,2341,2310,2355,2387,2379,2383,2371,2388,2331,2360,2396,2452,2457,2465,2454,2428,2428,2501,2501,2504,2482,2479,2492,2491,2464,2464,2464,2472,2482,2506,2524,2518,2492,2485,2488,2498,2480,2480,2485,2484,2470,2470,2470,2492,2495,2461,2461,2468,2484,2521,2523,2500,2487,2477,2477,2477,2477,2468,2468,2468,2467,2476,2476,2471,2462,2475,2496,2496,2515,2513,2509,2489,2489,2489,2489,2489,2489,2484,2487,2476,2475,2487,2497,2489,2500,2477,2477,2479,2496,2478,2481,2488,2466,2477,2477,2477,2477,2477,2471,2471,2471,2485,2480,2483,2483,2480,2480,2482,2466,2477,2477,2477,2473,2475,2516,2520,2499,2516,2531,2519,2530,2539,2540,2550,2550,2543,2532,2534,2534,2557,2557,2532,2531,2539,2548,2535,2535,2529,2545,2535,2535,2535,2535,2535,2535,2535,2535,2535,2535,2535,2535,2535,2535,2535,2535,2535,2535,2535,2535,2520,2520,2520,2520,2520,2474,2478,2478
Divya Deshmukh,F,,,,,,,,,,,,,,,,,,,,,,,,,,,,,,,,,,,,,,,,,,,,,,,,,,,,,,,,,,,,1401,1401,1437,1437,1437,1437,1437,1434,1443,1443,1443,1464,1464,1483,1495,1495,1495,1532,1565,1575,1599,1599,1607,1681,1681,1681,1685,1764,1764,1764,1764,1689,1705,1788,1772,1772,1772,1785,1785,1895,1895,1895,1941,1909,1912,1915,1772,1836,1920,1920,1920,2005,2005,2012,1989,1989,2045,1993,1993,2050,2100,2128,2118,2138,2138,2220,2138,2138,2203,2172,2180,2180,2180,2190,2168,2127,2265,2431,2414,2414,2373,2360,2362,2358,2332,2332,2322,2322,2305,2305,2305,2305,2305,2305,2305,2305,2305,2305,2305,2305,2305,2305,2305,2305,2305,2305,2305,2305,2310,2301,2301,2301,2301,2313,2317,2317
Erigaisi Arjun,M,,,,,,,,,,,,,,,,,,,,,,,,,,,,,,,,,,,,,,,,,,,,,,,,,,,1584,1584,1571,1557,1528,1548,1548,1650,1669,1684,1731,1734,1739,1739,1740,1740,1753,1780,1792,1792,1811,1818,1839,1814,1814,1803,1785,1814,1814,1814,1857,1907,1914,1968,1968,2024,2080,2080,2120,2120,2120,2146,2132,2167,2127,2173,2173,2238,2379,2379,2350,2351,2351,2337,2337,2307,2307,2300,2309,2270,2300,2300,2300,2338,2338,2324,2342,2328,2354,2365,2359,2386,2458,2458,2481,2488,2505,2499,2517,2531,2531,2531,2531,2548,2526,2526,2526,2526,2526,2531,2535,2544,2544,2544,2544,2575,2563,2559,2559,2559,2559,2559,2559,2559,2559,2559,2559,2559,2559,2559,2567,2567,2567,2567,2597,2626,2634,2627,2629,2632,2633,2660,2675,2675,2681
"Gagare, Shardul ",M,,,,,,,,,,,,,,,,,,,,,,,1896,1930,1909,1908,1915,1944,1963,1995,2080,2036,1987,2070,2092,2160,2174,2174,2166,2138,2153,2153,2153,2172,2194,2206,2225,2212,2212,2223,2264,2275,2268,2312,2312,2287,2287,2359,2366,2357,2381,2403,2397,2397,2397,2407,2407,2419,2419,2443,2443,2449,2442,2446,2446,2446,2446,2446,2446,2440,2421,2421,2419,2411,2411,2437,2417,2417,2427,2427,2427,2425,2437,2469,2470,2470,2470,2497,2497,2491,2491,2514,2509,2486,2486,2480,2480,2472,2472,2472,2472,2472,2472,2472,2472,2472,2467,2482,2482,2482,2494,2494,2494,2510,2502,2490,2490,2490,2490,2501,2501,2501,2504,2495,2495,2483,2482,2482,2482,2476,2486,2474,2474,2468,2468,2481,2497,2514,2514,2514,2514,2514,2514,2514,2514,2514,2514,2514,2514,2514,2514,2514,2514,2514,2514,2514,2514,2514,2514,2514,2514,2514,2514,2514,2514
"Ganguly, Surya Shekhar ",M,2464,2498,2474,2456,2456,2464,2493,2498,2520,2524,2531,2556,2542,2536,2531,2541,2582,2574,2559,2585,2583,2596,2562,2579,2578,2567,2573,2571,2578,2586,2585,2579,2614,2631,2603,2614,2625,2637,2634,2654,2654,2672,2672,2655,2650,2644,2651,2643,2643,2627,2631,2625,2639,2633,2627,2627,2629,2610,2610,2619,2630,2626,2626,2623,2623,2628,2628,2628,2637,2630,2639,2646,2646,2619,2619,2623,2631,2619,2619,2619,2614,2614,2613,2615,2615,2595,2595,2603,2619,2625,2625,2625,2631,2652,2652,2648,2648,2660,2660,2646,2647,2654,2654,2676,2676,2672,2672,2664,2668,2657,2657,2644,2640,2653,2658,2658,2658,2665,2657,2653,2650,2650,2650,2657,2642,2652,2652,2652,2652,2622,2622,2615,2621,2638,2636,2633,2654,2642,2642,2638,2630,2658,2658,2644,2633,2636,2640,2635,2635,2635,2635,2635,2635,2635,2635,2635,2635,2635,2635,2635,2625,2625,2625,2625,2625,2630,2617,2633,2627,2627,2627,2609,2609,2616,2616
"Ghosh, Diptayan ",M,,,,,,,,,,,,,,,,,,,,,,,,,,,1947,1937,1997,2015,2006,2016,1996,2027,2039,2092,2091,2093,2118,2124,2131,2137,2133,2174,2193,2180,2180,2260,2273,2274,2289,2342,2373,2418,2418,2417,2417,2413,2415,2408,2425,2442,2427,2444,2451,2477,2477,2473,2473,2473,2474,2481,2481,2481,2481,2481,2485,2487,2487,2468,2473,2494,2508,2516,2516,2512,2512,2512,2512,2520,2520,2523,2531,2549,2549,2549,2549,2555,2551,2551,2561,2561,2561,2570,2570,2570,2570,2570,2570,2570,2576,2581,2572,2569,2569,2569,2562,2556,2556,2556,2556,2556,2535,2536,2536,2536,2536,2543,2548,2548,2541,2541,2541,2544,2556,2555,2555,2555,2555,2555,2555,2555,2555,2555,2555,2550,2541,2541,2541,2541,2541,2541,2541,2541,2541,2541,2541,2541,2541,2541,2541,2541,2541,2541,2541,2541,2541,2541,2541,2541,2541,2541,2538,2538,2538
"Girish, A. Koushik ",M,,,,,,,,,,,,,,,,,,,,,,,,,,2008,1995,2033,2073,2085,2086,2102,2108,2108,2161,2270,2270,2270,2250,2246,2275,2275,2276,2345,2345,2352,2318,2294,2289,2310,2379,2394,2337,2337,2337,2337,2367,2367,2367,2367,2397,2397,2397,2397,2397,2397,2397,2413,2413,2413,2413,2413,2413,2430,2430,2430,2412,2412,2412,2412,2412,2412,2412,2412,2406,2406,2406,2406,2406,2406,2406,2406,2406,2406,2406,2406,2406,2406,2406,2406,2406,2406,2406,2399,2399,2403,2399,2399,2399,2401,2401,2401,2401,2401,2401,2401,2401,2401,2401,2412,2412,2416,2401,2401,2401,2411,2411,2411,2411,2411,2411,2411,2411,2411,2437,2437,2437,2444,2444,2501,2501,2501,2501,2506,2506,2495,2498,2498,2498,2498,2498,2498,2498,2498,2498,2498,2498,2498,2498,2498,2498,2498,2498,2498,2498,2498,2498,2498,2498,2498,2498,2498,2498,2498,2498
"Gomes, Mary Ann ",F,,,2040,2040,2040,2040,2049,2049,2049,2036,2114,2146,2154,2126,2121,2126,2159,2172,2183,2207,2248,2265,2232,2231,2239,2258,2264,2274,2274,2274,2262,2255,2321,2316,2298,2336,2332,2332,2396,2384,2324,2318,2280,2284,2339,2306,2306,2334,2338,2325,2325,2354,2377,2369,2378,2396,2396,2396,2381,2384,2382,2394,2394,2387,2387,2387,2408,2423,2418,2418,2414,2414,2423,2407,2407,2402,2386,2359,2359,2360,2352,2355,2355,2355,2351,2355,2355,2354,2354,2353,2353,2353,2314,2315,2315,2315,2315,2312,2312,2312,2310,2304,2304,2301,2301,2296,2306,2306,2302,2299,2316,2316,2316,2318,2331,2331,2344,2352,2333,2333,2333,2328,2329,2318,2295,2290,2284,2284,2303,2298,2302,2286,2296,2296,2317,2312,2314,2314,2314,2303,2286,2268,2268,2292,2324,2324,2344,2354,2354,2354,2354,2354,2354,2354,2354,2354,2354,2354,2354,2354,2354,2354,2354,2354,2354,2354,2354,2354,2354,2354,2361,2361,2356,2349,2349
Gopal G.N.,M,,,,,,,,,2198,2166,2174,2170,2170,2212,2214,2233,2269,2275,2278,2312,2377,2332,2327,2353,2353,2343,2397,2423,2455,2480,2520,2528,2562,2572,2548,2555,2572,2575,2598,2593,2584,2604,2604,2611,2603,2609,2597,2604,2592,2576,2572,2566,2566,2572,2562,2550,2550,2544,2544,2547,2547,2545,2545,2541,2526,2526,2522,2525,2527,2527,2527,2540,2540,2550,2550,2558,2553,2544,2544,2544,2558,2558,2580,2580,2580,2575,2575,2575,2577,2562,2562,2562,2562,2540,2536,2525,2525,2525,2522,2544,2544,2565,2565,2565,2565,2574,2560,2560,2579,2579,2579,2580,2580,2580,2580,2580,2589,2589,2589,2589,2593,2593,2593,2593,2593,2593,2593,2593,2578,2578,2578,2578,2582,2582,2594,2589,2589,2594,2594,2594,2594,2593,2593,2593,2593,2593,2593,2593,2593,2593,2593,2593,2593,2593,2593,2593,2593,2593,2593,2593,2593,2593,2593,2593,2593,2593,2593,2593,2593,2593,2593,2593,2593,2593,2593
"Grover, Sahaj ",M,,,,,,,,,,,,,1944,1924,1924,1948,1957,1953,1933,1931,1951,1955,1997,1987,1987,2024,2151,2182,2187,2183,2239,2242,2300,2306,2313,2265,2234,2310,2288,2372,2448,2434,2416,2411,2420,2432,2462,2495,2485,2496,2514,2515,2532,2517,2506,2516,2516,2514,2516,2509,2509,2472,2467,2467,2467,2478,2478,2487,2479,2479,2485,2485,2485,2478,2475,2475,2475,2469,2483,2488,2492,2492,2491,2505,2505,2528,2519,2519,2526,2514,2509,2498,2491,2491,2498,2498,2507,2491,2495,2503,2497,2497,2491,2483,2483,2476,2476,2477,2469,2467,2473,2473,2473,2478,2485,2484,2484,2484,2484,2484,2484,2484,2484,2484,2490,2490,2507,2507,2511,2511,2511,2511,2511,2511,2511,2511,2511,2515,2515,2515,2508,2508,2508,2508,2508,2521,2504,2504,2504,2504,2504,2504,2504,2504,2504,2504,2504,2504,2504,2504,2504,2504,2504,2504,2504,2504,2504,2504,2504,2504,2504,2504,2504,2505,2505
Gukesh D,M,,,,,,,,,,,,,,,,,,,,,,,,,,,,,,,,,,,,,,,,,,,,,,,,,,,,,,,,,,,,,,,,,,,,,1291,1291,1305,1303,1303,1297,1256,1253,1253,1278,1278,1280,1475,1661,1616,1616,1600,1600,1701,1735,1752,1772,1801,1764,1765,1801,1869,1949,2041,2041,2062,2095,2095,2061,2056,2092,1974,2032,2175,2252,2236,2236,2184,2260,2260,2283,2332,2365,2365,2335,2323,2362,2362,2354,2320,2360,2401,2426,2431,2433,2440,2453,2456,2457,2466,2497,2508,2529,2536,2533,2543,2520,2528,2535,2520,2544,2547,2542,2542,2563,2563,2563,2563,2563,2563,2563,2563,2563,2563,2563,2563,2563,2578,2578,2578,2578,2578,2599,2640,2621,2614,2614,2614,2614,2637,2659,2675
"Gupta, Abhijeet ",M,2141,2141,2130,2130,2108,2136,2191,2192,2245,2257,2264,2304,2333,2289,2294,2392,2413,2401,2412,2372,2361,2380,2404,2434,2449,2424,2481,2464,2472,2472,2470,2495,2521,2551,2580,2569,2570,2565,2584,2578,2577,2560,2570,2587,2595,2600,2590,2580,2604,2627,2625,2640,2652,2643,2644,2627,2637,2654,2667,2667,2662,2637,2612,2596,2591,2595,2600,2583,2594,2593,2593,2594,2608,2606,2619,2630,2630,2619,2634,2634,2638,2642,2640,2632,2632,2631,2621,2625,2629,2603,2605,2604,2619,2624,2629,2633,2613,2613,2613,2634,2654,2654,2654,2630,2637,2644,2626,2630,2634,2645,2645,2627,2607,2626,2625,2625,2639,2619,2619,2610,2610,2610,2598,2615,2617,2619,2614,2614,2614,2588,2588,2597,2597,2581,2587,2602,2602,2606,2606,2603,2616,2609,2609,2611,2611,2603,2608,2612,2612,2612,2612,2612,2612,2612,2612,2612,2612,2612,2612,2612,2612,2612,2612,2612,2612,2612,2628,2628,2628,2628,2628,2628,2616,2606,2606
"Harika, Dronavalli ",F,,,,,,,2199,2224,2223,2234,2248,2269,2294,2351,2353,2329,2368,2355,2391,2396,2396,2396,2392,2358,2358,2359,2353,2421,2476,2478,2480,2455,2461,2461,2462,2473,2474,2445,2474,2467,2471,2473,2491,2504,2515,2525,2520,2524,2520,2513,2504,2512,2516,2501,2508,2499,2503,2505,2512,2512,2512,2514,2514,2510,2509,2492,2492,2489,2479,2475,2475,2484,2487,2486,2486,2487,2507,2503,2503,2513,2521,2523,2528,2505,2505,2496,2496,2492,2492,2508,2508,2508,2509,2508,2516,2513,2513,2511,2511,2515,2515,2514,2514,2526,2542,2542,2528,2543,2543,2539,2539,2539,2521,2531,2535,2526,2526,2528,2528,2511,2504,2497,2503,2503,2503,2499,2494,2494,2494,2500,2500,2498,2494,2471,2471,2483,2492,2492,2492,2492,2495,2503,2495,2518,2518,2518,2518,2517,2515,2515,2515,2515,2515,2515,2515,2515,2515,2515,2515,2515,2515,2515,2515,2515,2515,2511,2511,2511,2517,2517,2517,2517,2517,2517,2517
"Harikrishna, Pentala ",M,2430,2500,2506,2514,2504,2522,2526,2525,2568,2568,2551,2539,2563,2558,2570,2582,2599,2609,2612,2632,2646,2645,2673,2673,2680,2682,2674,2673,2650,2664,2668,2664,2679,2668,2659,2673,2686,2679,2673,2672,2672,2660,2660,2646,2645,2657,2667,2665,2666,2669,2672,2673,2665,2678,2693,2684,2685,2690,2688,2692,2698,2698,2705,2705,2705,2702,2680,2680,2696,2709,2709,2704,2708,2706,2712,2714,2726,2726,2726,2726,2725,2725,2727,2725,2727,2723,2723,2729,2731,2733,2733,2733,2740,2737,2737,2743,2743,2755,2753,2758,2763,2763,2764,2755,2752,2752,2762,2768,2770,2766,2758,2758,2755,2750,2737,2737,2743,2741,2733,2738,2744,2745,2745,2731,2727,2727,2732,2734,2739,2743,2733,2729,2725,2730,2726,2730,2723,2730,2734,2734,2738,2746,2748,2731,2724,2716,2713,2719,2719,2719,2719,2719,2732,2732,2732,2732,2732,2732,2732,2730,2730,2730,2730,2730,2730,2725,2719,2721,2717,2717,2719,2716,2705,2705,2701
Harsha Bharathakoti,M,,,,,,,,,,,,,,,,,,,,,,,,,,,,,,,,,,,,,,1723,1689,1700,1700,1748,1760,1783,1783,1821,1821,1802,1802,1862,1862,1917,1943,1976,1980,2028,2024,2024,2024,2017,2043,2063,2102,2102,2106,2106,2116,2134,2156,2156,2167,2167,2208,2272,2259,2259,2279,2279,2299,2269,2307,2296,2299,2293,2309,2309,2300,2300,2331,2331,2331,2368,2360,2393,2384,2362,2362,2362,2319,2319,2319,2329,2337,2344,2344,2363,2363,2332,2332,2332,2413,2413,2413,2413,2404,2404,2404,2394,2412,2445,2451,2451,2443,2443,2424,2463,2471,2465,2454,2474,2492,2511,2511,2481,2480,2497,2497,2486,2486,2486,2489,2513,2530,2523,2523,2502,2495,2509,2509,2509,2509,2509,2509,2509,2509,2509,2509,2509,2509,2509,2509,2509,2509,2509,2509,2509,2517,2489,2489,2485,2499,2499,2554,2547,2547
"Himanshu, Sharma ",M,2183,2206,2206,2193,2193,2220,2189,2234,2249,2249,2287,2299,2333,2338,2340,2380,2404,2376,2380,2377,2383,2373,2391,2411,2398,2386,2387,2428,2383,2397,2408,2398,2412,2423,2431,2405,2403,2450,2471,2469,2457,2436,2440,2405,2401,2407,2400,2393,2414,2428,2421,2397,2408,2407,2424,2396,2380,2393,2393,2417,2417,2406,2397,2397,2403,2401,2395,2391,2393,2393,2391,2359,2368,2346,2344,2342,2342,2350,2372,2411,2421,2416,2421,2421,2420,2427,2426,2432,2416,2425,2420,2410,2417,2402,2383,2388,2385,2385,2398,2376,2384,2389,2389,2389,2437,2479,2474,2474,2474,2474,2484,2494,2493,2493,2498,2498,2514,2510,2510,2510,2469,2470,2425,2411,2411,2420,2420,2420,2436,2444,2444,2433,2441,2441,2441,2446,2446,2446,2446,2408,2408,2408,2387,2392,2392,2394,2394,2394,2394,2394,2394,2394,2394,2394,2394,2394,2394,2394,2394,2394,2394,2394,2394,2394,2394,2394,2394,2391,2391,2391,2391,2391,2374,2374,2374
"Iniyan, P ",M,,,,,,,,,,,,,,,,,,,,,,,,,,,,,,,,,,,,,,,1535,1535,1554,1554,1550,1566,1534,1631,1648,1676,1665,1670,1664,1668,1718,1717,1779,1796,1796,1813,1834,1863,1880,1891,1909,1916,1916,1911,1921,1914,1917,1917,1873,1907,1975,1975,1968,1949,1949,1991,1990,2049,2049,2155,2151,2131,2131,2131,2140,2113,2113,2146,2170,2196,2215,2299,2280,2278,2278,2278,2301,2295,2315,2336,2336,2346,2368,2368,2405,2370,2363,2363,2396,2378,2399,2392,2392,2380,2404,2456,2461,2452,2452,2466,2460,2460,2466,2469,2460,2451,2464,2481,2476,2468,2462,2456,2480,2487,2512,2525,2525,2524,2517,2509,2509,2497,2497,2494,2506,2506,2506,2506,2506,2506,2506,2506,2506,2506,2506,2506,2506,2506,2506,2506,2506,2506,2506,2522,2529,2554,2555,2540,2516,2516,2518,2518,2518
Kannappan Priyadharshan,M,,,,,,,,,,,1975,1975,1971,1985,2063,2052,2101,2086,2058,2055,2048,2054,2098,2097,2162,2177,2222,2185,2216,2248,2298,2297,2317,2297,2245,2411,2411,2398,2379,2343,2362,2362,2362,2369,2357,2358,2376,2376,2376,2376,2376,2385,2385,2390,2393,2407,2407,2407,2407,2408,2413,2425,2411,2411,2429,2422,2422,2422,2425,2425,2425,2402,2409,2409,2410,2410,2413,2420,2443,2433,2459,2460,2460,2460,2462,2462,2456,2456,2456,2469,2462,2460,2460,2462,2462,2475,2484,2472,2482,2482,2468,2475,2475,2484,2514,2521,2525,2520,2527,2527,2530,2530,2530,2511,2514,2514,2516,2515,2516,2516,2510,2510,2513,2513,2536,2530,2541,2540,2554,2553,2553,2553,2553,2553,2553,2553,2553,2553,2553,2553,2553,2553,2553,2553,2553,2553,2553,2553,2553,2553,2553,2553,2553,2553,2553,2553,2553,2553,2553,2553,2553,2553,2553,2553,2553,2553,2553,2553,2553,2553,2553,2553,2553,2553,2553
Karthik Venkataraman,M,,,,,,,,,,,,,,,,,,,,,,,,,,,,,,,,,,,,,,1606,1589,1589,1589,1589,1599,1781,1829,1838,1861,1861,1920,1935,1978,1962,1962,2015,2015,2000,2000,2009,2009,1990,2017,2034,2084,2084,2093,2130,2130,2127,2127,2127,2113,2090,2097,2179,2221,2221,2250,2276,2272,2305,2305,2256,2256,2256,2256,2256,2256,2256,2256,2256,2256,2256,2256,2266,2264,2310,2310,2364,2378,2385,2385,2366,2328,2328,2305,2284,2317,2331,2317,2317,2317,2317,2317,2317,2317,2344,2316,2347,2469,2466,2475,2476,2470,2470,2470,2457,2475,2514,2502,2519,2525,2527,2527,2515,2494,2494,2505,2492,2499,2480,2462,2473,2478,2470,2470,2479,2483,2483,2483,2483,2483,2483,2483,2483,2483,2483,2483,2483,2483,2483,2483,2483,2483,2483,2483,2483,2483,2491,2506,2504,2485,2485,2480,2480,2480
"Karthikeyan, Murali ",M,,,,,,,,,,,,,,,,,,,,,,,,,,,,,,,,,1754,1754,1722,1778,1805,1832,1960,1969,1952,2000,2011,2008,2059,2079,2096,2132,2154,2123,2125,2154,2225,2306,2329,2325,2323,2319,2299,2329,2315,2352,2424,2432,2432,2435,2435,2443,2443,2443,2444,2444,2431,2472,2475,2475,2475,2475,2477,2477,2462,2462,2499,2497,2497,2501,2502,2504,2504,2502,2502,2509,2510,2509,2498,2498,2518,2518,2518,2518,2518,2518,2517,2513,2514,2527,2530,2530,2530,2564,2578,2578,2585,2585,2582,2579,2579,2574,2578,2578,2580,2580,2585,2592,2617,2617,2609,2609,2609,2605,2604,2591,2591,2570,2560,2583,2596,2596,2593,2613,2612,2617,2617,2611,2611,2606,2602,2606,2606,2606,2606,2606,2606,2606,2606,2606,2606,2606,2606,2606,2606,2606,2606,2606,2606,2624,2630,2630,2630,2637,2622,2622,2613,2613,2613
"Karthikeyan, P. ",M,,,,,,,,,,,1996,1996,2017,2050,2037,2017,2054,2089,2131,2128,2147,2162,2173,2179,2169,2145,2155,2205,2226,2301,2340,2327,2402,2402,2426,2450,2478,2478,2449,2412,2408,2403,2411,2398,2398,2382,2380,2379,2379,2382,2408,2402,2402,2414,2421,2413,2413,2401,2401,2414,2404,2424,2415,2415,2415,2415,2415,2389,2389,2389,2389,2368,2343,2342,2363,2355,2380,2380,2397,2400,2400,2400,2400,2400,2400,2435,2441,2452,2443,2440,2440,2426,2426,2441,2441,2441,2462,2462,2462,2462,2463,2474,2474,2474,2474,2474,2474,2474,2474,2488,2506,2507,2507,2502,2502,2497,2497,2497,2497,2497,2497,2497,2464,2473,2481,2456,2456,2430,2439,2439,2443,2450,2482,2457,2451,2445,2445,2445,2445,2415,2422,2408,2416,2423,2423,2416,2406,2405,2404,2404,2404,2404,2404,2404,2404,2404,2404,2404,2404,2404,2404,2404,2404,2404,2404,2404,2404,2396,2396,2396,2396,2397,2378,2361,2346
"Kiran, Manisha Mohanty ",F,,,,,,,,,,,,2002,2037,2047,2039,2049,2055,2066,2066,2066,2066,2066,2096,2096,2104,2156,2154,2222,2204,2247,2263,2270,2316,2246,2198,2184,2182,2204,2154,2151,2235,2260,2292,2273,2274,2229,2229,2213,2213,2213,2212,2213,2210,2208,2208,2179,2179,2179,2179,2179,2200,2179,2188,2205,2195,2195,2195,2259,2272,2256,2237,2237,2240,2257,2257,2256,2259,2259,2259,2243,2243,2231,2206,2206,2206,2206,2135,2135,2160,2160,2160,2146,2131,2131,2150,2150,2150,2165,2165,2156,2156,2126,2126,2112,2112,2135,2117,2117,2136,2136,2136,2160,2160,2160,2177,2170,2162,2175,2159,2159,2159,2129,2101,2108,2108,2108,2043,2116,2147,2147,2147,2164,2144,2069,2069,2090,2090,2090,2090,2054,2082,2102,2094,2133,2133,2133,2170,2168,2168,2168,2168,2168,2168,2168,2168,2168,2168,2168,2168,2168,2168,2168,2168,2168,2168,2168,2168,2168,2168,2168,2168,2168,2105,2098,2104
"Koneru, Humpy ",F,2244,2286,2299,2299,2311,2387,2484,2539,2486,2473,2484,2496,2496,2468,2485,2498,2513,2511,2503,2512,2508,2531,2540,2537,2548,2545,2545,2567,2575,2572,2606,2612,2603,2622,2618,2621,2612,2623,2595,2603,2614,2622,2622,2600,2593,2600,2607,2607,2614,2614,2600,2600,2589,2589,2589,2598,2593,2593,2607,2610,2610,2597,2597,2597,2597,2597,2597,2607,2607,2607,2607,2618,2607,2613,2613,2613,2613,2613,2613,2613,2598,2598,2581,2581,2581,2581,2581,2581,2581,2589,2589,2589,2585,2578,2578,2583,2583,2583,2583,2575,2575,2575,2575,2575,2580,2580,2557,2557,2557,2557,2557,2557,2557,2557,2557,2557,2557,2557,2557,2557,2557,2557,2557,2557,2557,2557,2557,2557,2557,2557,2557,2548,2541,2541,2541,2549,2549,2553,2558,2558,2558,2560,2577,2577,2574,2580,2580,2586,2586,2586,2586,2586,2586,2586,2586,2586,2586,2586,2586,2586,2586,2586,2586,2586,2586,2586,2586,2586,2586,2586,2586,2586,2586,2586,2586
"Kunte, Abhijit ",M,2487,2556,2538,2568,2568,2547,2479,2479,2476,2477,2493,2507,2499,2515,2535,2512,2532,2532,2550,2568,2561,2561,2553,2551,2536,2535,2524,2532,2527,2519,2547,2550,2547,2554,2536,2527,2513,2515,2515,2522,2528,2528,2523,2521,2517,2517,2520,2526,2526,2528,2528,2548,2548,2547,2538,2518,2518,2518,2518,2511,2511,2510,2507,2507,2507,2507,2507,2489,2489,2487,2487,2476,2465,2439,2439,2439,2470,2484,2482,2483,2483,2483,2480,2480,2480,2486,2485,2485,2477,2483,2483,2483,2493,2515,2515,2515,2507,2507,2506,2505,2505,2495,2495,2495,2495,2494,2494,2494,2494,2491,2491,2491,2491,2504,2504,2504,2505,2503,2503,2503,2499,2499,2499,2499,2504,2494,2494,2494,2485,2484,2484,2469,2469,2485,2485,2485,2485,2478,2478,2473,2467,2467,2467,2467,2467,2458,2458,2458,2458,2458,2458,2458,2458,2458,2458,2458,2458,2458,2458,2458,2458,2458,2458,2458,2458,2458,2458,2458,2458,2458,2458,2458,2458,2458,2458
Lalith Babu M R,M,,,,,,,,,,,,,,,,2089,2089,2104,2118,2194,2209,2209,2245,2277,2250,2297,2292,2284,2320,2353,2350,2299,2305,2328,2387,2477,2480,2472,2477,2460,2457,2493,2493,2502,2479,2481,2491,2491,2491,2495,2495,2484,2484,2532,2529,2529,2515,2540,2540,2528,2526,2541,2559,2559,2565,2572,2571,2571,2576,2583,2583,2570,2569,2579,2579,2585,2594,2571,2561,2560,2565,2563,2547,2547,2547,2537,2541,2556,2563,2563,2563,2562,2570,2557,2557,2553,2553,2553,2554,2573,2579,2579,2579,2565,2575,2572,2586,2579,2587,2587,2584,2593,2571,2529,2530,2530,2529,2525,2525,2525,2542,2542,2522,2531,2531,2531,2529,2529,2520,2527,2518,2529,2529,2547,2556,2586,2577,2571,2571,2580,2574,2556,2556,2556,2556,2558,2550,2553,2553,2553,2553,2553,2553,2553,2553,2553,2553,2553,2553,2553,2553,2553,2553,2553,2553,2553,2553,2553,2553,2548,2563,2558,2563,2563,2563
"Laxman, R.R. ",M,2263,2263,2263,2254,2256,2256,2241,2241,2278,2293,2288,2284,2321,2326,2323,2335,2355,2417,2424,2377,2386,2377,2404,2418,2402,2390,2324,2265,2282,2281,2395,2440,2488,2498,2468,2478,2521,2501,2486,2511,2503,2485,2476,2503,2498,2479,2463,2462,2446,2455,2451,2431,2434,2415,2417,2422,2428,2459,2474,2461,2457,2444,2443,2435,2429,2429,2397,2401,2415,2424,2424,2428,2443,2455,2451,2454,2449,2450,2447,2422,2422,2419,2408,2408,2408,2402,2376,2375,2409,2424,2417,2436,2425,2438,2436,2439,2446,2435,2420,2412,2406,2397,2379,2389,2374,2374,2411,2387,2389,2416,2409,2403,2403,2417,2421,2415,2397,2396,2392,2396,2413,2434,2456,2457,2441,2444,2438,2449,2450,2443,2444,2437,2437,2422,2418,2425,2428,2446,2437,2429,2426,2437,2444,2444,2444,2441,2432,2411,2411,2411,2411,2411,2411,2411,2411,2411,2411,2411,2411,2411,2411,2411,2411,2411,2411,2411,2411,2430,2428,2429,2429,2429,2418,2420,2403
Meenakshi Subbaraman,F,2195,2226,2260,2269,2248,2245,2271,2271,2256,2266,2309,2324,2297,2319,2288,2328,2344,2341,2307,2260,2273,2273,2275,2289,2282,2310,2347,2346,2338,2327,2336,2336,2336,2336,2315,2327,2303,2357,2321,2324,2353,2348,2348,2331,2336,2328,2323,2323,2317,2317,2297,2297,2298,2298,2300,2296,2296,2296,2296,2296,2293,2249,2249,2249,2237,2237,2237,2237,2240,2240,2240,2240,2224,2224,2224,2232,2232,2232,2232,2232,2232,2230,2230,2219,2219,2219,2219,2215,2154,2154,2154,2154,2172,2172,2172,2172,2172,2172,2164,2164,2164,2164,2164,2164,2164,2164,2164,2164,2164,2164,2164,2181,2181,2181,2181,2181,2165,2165,2165,2165,2165,2193,2193,2194,2194,2194,2194,2194,2194,2194,2194,2191,2161,2161,2161,2163,2163,2163,2163,2163,2197,2197,2197,2197,2197,2197,2162,2171,2171,2171,2171,2171,2171,2171,2171,2171,2171,2171,2171,2171,2171,2171,2171,2171,2171,2171,2171,2171,2171,2171,2171,2171,2171,2171,2171
"Mendonca, Leon Luke ",M,,,,,,,,,,,,,,,,,,,,,,,,,,,,,,,,,,,,,,,,,,,,,,,,,,,,,,,,1222,1222,1222,1204,1192,1192,1192,1192,1237,1237,1231,1231,1231,1231,1231,1236,1236,1286,1287,1287,1316,1316,1327,1398,1435,1435,1466,1516,1516,1516,1724,1724,1746,1699,1699,1671,1708,1736,1710,1687,1687,1898,1859,1885,1760,1760,1891,1900,1964,2058,2076,2132,2074,1998,1998,2109,2109,2109,2125,2173,2222,2286,2221,2130,2130,2130,2131,1993,1993,2099,2122,2228,2241,2169,2199,2275,2275,2349,2349,2376,2446,2427,2405,2405,2401,2401,2385,2388,2398,2398,2417,2418,2458,2452,2452,2452,2470,2472,2490,2499,2516,2530,2538,2544,2532,2549,2550,2549,2557,2537,2536,2536,2536,2536,2536,2536,2536,2551,2551,2562
"Mitrabha, Guha ",M,,,,,,,,,,,,,,,,,,,,,,,,,,,,,,,,,,,,1648,1648,1637,1691,1691,1698,1698,1691,1727,1726,1770,1757,1800,1800,1853,1853,1931,1909,1909,1909,1935,1925,1924,1956,1956,1979,1981,1955,1955,1953,1948,1967,2004,2019,2012,2023,2023,2023,2034,2034,2034,2034,2035,2035,2027,2027,2096,2055,2055,2027,2072,2143,2143,2218,2218,2231,2231,2242,2124,2124,2219,2219,2219,2241,2241,2241,2270,2256,2226,2286,2286,2280,2250,2348,2348,2348,2348,2348,2299,2299,2301,2323,2321,2328,2328,2315,2319,2303,2315,2366,2375,2330,2299,2385,2376,2352,2352,2351,2371,2340,2328,2328,2341,2341,2433,2417,2414,2434,2443,2448,2448,2445,2445,2445,2445,2445,2445,2445,2445,2445,2445,2445,2445,2445,2445,2467,2467,2467,2467,2467,2467,2479,2498,2509,2510,2510,2510,2500,2500,2499
"Nadig, Kruttika ",F,,,,,,,,2113,2085,2085,2125,2110,2149,2145,2150,2159,2160,2193,2182,2238,2241,2198,2224,2237,2239,2226,2183,2191,2207,2238,2208,2208,2213,2240,2387,2367,2361,2268,2273,2255,2240,2236,2236,2208,2230,2230,2233,2233,2233,2233,2233,2234,2234,2238,2237,2206,2221,2173,2173,2173,2141,2141,2141,2141,2141,2141,2141,2141,2127,2127,2127,2127,2127,2142,2142,2142,2142,2142,2142,2142,2142,2142,2142,2142,2142,2142,2142,2142,2142,2142,2142,2142,2142,2142,2142,2142,2142,2142,2142,2142,2142,2142,2142,2142,2142,2142,2142,2142,2142,2142,2142,2142,2142,2142,2142,2142,2142,2142,2142,2142,2142,2142,2142,2142,2142,2142,2142,2142,2142,2142,2142,2142,2142,2142,2142,2142,2142,2142,2142,2142,2142,2142,2142,2142,2142,2142,2142,2142,2142,2142,2142,2142,2142,2142,2142,2142,2142,2142,2142,2142,2142,2142,2142,2142,2142,2142,2142,2142,2142,2142,2142,2142,2142,2142,2142
"Nandhidhaa, P V ",F,,,,,,,,,,,,,,,,,,,,,,,,,,,,1712,1730,1729,1729,1770,1797,1797,1823,1853,1853,1878,1919,2007,2012,2000,2004,2025,2060,2074,2095,2095,2095,2101,2105,2139,2120,2160,2176,2178,2168,2168,2161,2166,2165,2150,2150,2150,2150,2137,2165,2144,2121,2121,2121,2121,2121,2121,2114,2114,2114,2114,2114,2126,2144,2144,2174,2177,2177,2171,2205,2205,2176,2176,2176,2176,2123,2102,2102,2112,2112,2112,2141,2141,2141,2141,2151,2151,2151,2251,2251,2251,2251,2268,2259,2252,2252,2252,2249,2221,2182,2190,2190,2190,2196,2238,2241,2261,2272,2271,2270,2270,2266,2253,2213,2241,2268,2269,2269,2240,2314,2282,2259,2259,2332,2348,2348,2319,2312,2312,2339,2365,2365,2365,2365,2365,2365,2365,2365,2365,2365,2365,2365,2365,2365,2365,2365,2365,2318,2318,2318,2313,2313,2336,2380,2380,2291,2320,2312
"Narayanan, Srinath ",M,,,,,,,,,,,2088,2088,2088,2081,2081,2003,2024,2024,2042,2039,2045,2084,2137,2160,2170,2166,2141,2229,2267,2218,2201,2210,2220,2220,2412,2397,2381,2381,2388,2370,2393,2393,2393,2409,2383,2350,2314,2310,2337,2372,2337,2388,2388,2379,2383,2399,2399,2438,2448,2438,2439,2434,2434,2440,2440,2464,2464,2475,2471,2483,2475,2444,2436,2414,2436,2436,2414,2414,2414,2419,2405,2443,2443,2461,2461,2477,2454,2459,2464,2464,2464,2464,2476,2467,2464,2468,2468,2478,2469,2469,2469,2469,2481,2477,2477,2477,2476,2476,2490,2490,2474,2472,2491,2505,2505,2505,2524,2511,2511,2517,2532,2527,2530,2525,2525,2525,2549,2549,2565,2565,2565,2572,2572,2572,2572,2555,2529,2529,2529,2529,2529,2529,2529,2529,2529,2535,2535,2540,2540,2540,2540,2540,2540,2540,2540,2540,2540,2540,2540,2540,2540,2540,2540,2540,2540,2540,2540,2553,2553,2553,2553,2553,2559,2559,2559
Narayanan.S.L,M,,,,,,,,,,,,,,,,,,,,,,,,,,,,,,,,1764,1773,1765,1781,1819,1826,1834,1827,1907,1907,1932,1964,1993,1997,2034,2073,2106,2167,2233,2320,2320,2320,2355,2355,2331,2328,2328,2330,2350,2373,2397,2418,2418,2418,2396,2396,2415,2408,2408,2402,2402,2402,2402,2402,2402,2402,2402,2398,2409,2414,2414,2420,2437,2437,2437,2464,2464,2464,2462,2462,2475,2481,2473,2476,2481,2494,2501,2501,2501,2501,2507,2515,2515,2515,2536,2536,2541,2541,2541,2524,2526,2551,2564,2564,2564,2564,2568,2568,2585,2573,2573,2573,2575,2568,2574,2574,2574,2574,2573,2575,2575,2575,2575,2593,2593,2603,2603,2603,2616,2618,2611,2611,2626,2626,2637,2637,2618,2618,2618,2618,2618,2618,2618,2618,2618,2618,2618,2618,2618,2624,2624,2624,2624,2624,2632,2647,2658,2658,2658,2658,2658,2662,2662,2662
"Neelotpal, Das ",M,2436,2410,2410,2423,2423,2379,2341,2341,2345,2368,2374,2406,2468,2462,2443,2461,2457,2448,2458,2468,2469,2467,2506,2512,2514,2490,2490,2488,2485,2485,2489,2486,2465,2462,2477,2490,2514,2474,2471,2440,2445,2445,2453,2437,2454,2486,2477,2457,2453,2453,2458,2471,2471,2462,2456,2456,2469,2473,2485,2467,2467,2461,2461,2461,2461,2461,2461,2445,2445,2455,2455,2445,2445,2427,2427,2427,2428,2429,2428,2428,2428,2424,2424,2424,2424,2437,2441,2446,2443,2462,2462,2462,2448,2465,2465,2474,2474,2457,2457,2457,2457,2467,2467,2467,2472,2463,2463,2463,2463,2462,2438,2438,2438,2438,2438,2441,2441,2448,2446,2461,2468,2468,2468,2468,2468,2452,2447,2426,2429,2436,2436,2412,2412,2419,2409,2410,2410,2410,2410,2406,2440,2433,2443,2430,2430,2436,2425,2425,2425,2425,2425,2425,2425,2425,2425,2425,2425,2425,2425,2425,2410,2410,2410,2410,2410,2410,2410,2410,2410,2410,2409,2409,2409,2431,2431
"Negi, Parimarjan ",M,,,,,,,,,2061,2061,2027,2068,2117,2111,2103,2149,2167,2273,2267,2316,2349,2376,2352,2396,2445,2480,2538,2538,2515,2529,2514,2526,2514,2529,2597,2600,2592,2590,2615,2620,2621,2634,2636,2615,2596,2603,2607,2618,2622,2642,2631,2618,2642,2639,2640,2661,2664,2658,2657,2638,2641,2641,2638,2639,2653,2651,2634,2634,2643,2662,2671,2671,2671,2633,2633,2638,2640,2643,2643,2645,2645,2669,2669,2669,2669,2669,2669,2664,2664,2664,2664,2664,2664,2664,2664,2664,2664,2664,2664,2664,2660,2660,2660,2660,2660,2666,2670,2670,2670,2670,2670,2670,2670,2670,2670,2664,2656,2656,2656,2656,2656,2656,2656,2656,2656,2656,2656,2656,2656,2656,2656,2656,2656,2656,2639,2639,2639,2639,2639,2639,2639,2639,2639,2639,2639,2639,2639,2639,2639,2639,2639,2639,2639,2639,2639,2639,2639,2639,2639,2639,2639,2639,2639,2639,2639,2639,2639,2639,2639,2639,2639,2639,2639,2639,2639
Nihal Sarin,M,,,,,,,,,,,,,,,,,,,,,,,,,,,,,,,,,,,,,,,,,,,,,,,,,,1268,1299,1312,1312,1341,1341,1371,1371,1371,1371,1484,1484,1484,1580,1580,1580,1580,1663,1663,1663,1725,1729,1729,1744,1737,1737,1737,1737,1797,1787,1800,1800,2018,2076,2110,2110,2110,2038,2038,2038,2038,2096,2249,2260,2096,2096,2096,2217,2217,2259,2351,2351,2349,2364,2358,2358,2324,2324,2340,2340,2340,2386,2386,2424,2454,2454,2471,2485,2483,2483,2487,2507,2524,2532,2534,2551,2551,2551,2551,2556,2572,2572,2576,2576,2578,2578,2578,2589,2598,2606,2610,2610,2610,2610,2612,2612,2618,2620,2620,2620,2620,2620,2620,2620,2620,2620,2620,2620,2620,2620,2620,2620,2620,2620,2620,2655,2652,2652,2650,2662,2662,2656,2652,2648,2646,2654
"Panchanathan, Magesh Chandran ",M,2237,2238,2285,2285,2320,2339,2436,2436,2424,2428,2428,2419,2419,2419,2422,2437,2446,2441,2482,2472,2473,2489,2496,2494,2525,2500,2485,2466,2482,2493,2500,2508,2486,2486,2493,2490,2462,2493,2532,2541,2541,2543,2549,2533,2546,2546,2537,2542,2539,2556,2586,2573,2573,2557,2564,2564,2564,2568,2576,2576,2580,2580,2579,2579,2579,2578,2570,2570,2547,2547,2547,2547,2547,2557,2557,2557,2557,2558,2558,2558,2558,2558,2558,2558,2558,2541,2541,2541,2541,2541,2541,2541,2547,2547,2547,2547,2547,2550,2550,2550,2518,2518,2518,2518,2506,2509,2509,2513,2513,2511,2494,2494,2494,2475,2475,2475,2475,2481,2481,2485,2485,2486,2480,2480,2480,2480,2480,2486,2486,2503,2503,2503,2503,2499,2500,2500,2500,2500,2494,2494,2494,2485,2485,2479,2479,2482,2508,2508,2508,2508,2508,2508,2508,2504,2504,2504,2504,2504,2504,2504,2504,2504,2504,2503,2503,2500,2474,2474,2474,2474,2474,2474,2474,2474,2476
Praggnanandhaa R,M,,,,,,,,,,,,,,,,,,,,,,,,,,,,,,,,,,,,,,,,,,,,,,,,,,,1346,1356,1340,1340,1378,1478,1478,1478,1478,1538,1536,1607,1761,1761,1777,1769,1807,1813,1819,1819,1825,1840,1852,1938,1974,1989,1989,1969,1979,1948,1948,1836,1946,2104,2104,2084,2203,2200,2220,2225,2103,2129,2104,2077,2077,2085,2177,2177,2301,2339,2376,2368,2368,2429,2429,2442,2442,2452,2452,2437,2455,2455,2447,2471,2467,2479,2487,2500,2503,2509,2517,2515,2507,2507,2520,2529,2529,2529,2532,2519,2519,2530,2530,2539,2532,2532,2537,2536,2537,2540,2569,2567,2567,2586,2586,2602,2602,2608,2608,2608,2608,2608,2608,2608,2608,2608,2608,2608,2608,2608,2608,2608,2608,2608,2608,2617,2618,2610,2612,2612,2612,2619,2624,2642,2642
"Pratyusha, Bodda ",F,,,,,,,,,,,,,,,,,,,,,,,,,,,,,,1743,1736,1884,1921,1932,1944,1955,1954,1973,1962,2001,1995,1972,1977,2073,2086,2086,2092,2117,2117,2064,2062,2064,2142,2123,2123,2159,2176,2176,2128,2128,2150,2128,2131,2131,2136,2136,2123,2180,2159,2152,2159,2159,2128,2119,2164,2164,2149,2148,2148,2125,2034,2034,2079,2168,2192,2192,2270,2270,2180,2128,2128,2244,2194,2326,2248,2248,2260,2278,2278,2300,2318,2336,2346,2329,2329,2287,2289,2289,2247,2247,2262,2281,2281,2269,2236,2236,2171,2152,2152,2152,2163,2162,2164,2164,2177,2269,2269,2244,2294,2273,2273,2273,2273,2278,2275,2277,2277,2273,2265,2265,2285,2285,2285,2285,2253,2267,2273,2328,2328,2328,2328,2328,2328,2328,2328,2328,2328,2328,2328,2328,2328,2328,2328,2328,2328,2328,2328,2328,2328,2328,2328,2328,2310,2310,2310
Prithu Gupta,M,,,,,,,,,,,,,,,,,,,,,,,,,,,,,,,,,,,,,,,,,,,,,,,,,,,,,,,,,,,,,,,,,,,,,,,1187,1208,1208,1208,1304,1304,1301,1334,1371,1377,1488,1483,1483,1521,1555,1756,1667,1667,1700,1700,1638,1638,1788,1788,1764,1805,1803,1803,1901,1901,1901,1908,1908,1981,1981,2219,2219,2219,2219,2219,2226,2226,2226,2155,2155,2293,2287,2287,2287,2310,2373,2373,2373,2424,2424,2424,2436,2436,2435,2458,2458,2462,2462,2462,2470,2478,2478,2470,2470,2470,2493,2493,2493,2472,2472,2472,2472,2472,2472,2472,2472,2472,2472,2472,2472,2472,2472,2472,2472,2472,2472,2472,2472,2472,2444,2444,2444,2444,2444,2444,2444,2444,2444,2444,2444
Priyanka Nutakki,F,,,,,,,,,,,,,,,,,,,,,,,,,,,,,,,,,,,,,,,,,,,,,,,,1422,1422,1546,1573,1566,1566,1593,1593,1564,1591,1591,1591,1576,1637,1631,1640,1640,1640,1640,1685,1724,1724,1714,1740,1740,1765,1767,1767,1767,1767,1767,1775,1811,1811,1755,1903,1903,1946,1946,2000,2000,2000,2000,2000,2043,2073,2024,2042,1994,2040,2040,2040,2009,2009,1907,1959,2182,2234,2070,2070,2071,1949,1944,2084,2084,2084,2104,2104,2104,2158,2114,2114,2107,2107,2022,1999,1957,1957,2124,2180,2180,2212,2293,2293,2293,2293,2195,2292,2297,2313,2303,2303,2294,2260,2249,2249,2273,2230,2242,2212,2263,2263,2263,2263,2263,2263,2263,2263,2263,2263,2263,2263,2263,2263,2263,2263,2263,2263,2263,2263,2187,2187,2187,2301,2301,2305,2303,2303
"Puranik, Abhimanyu ",M,,,,,,,,,,,,,,,,,,,,,,,,,,,,,,,,,,1692,1692,1700,1700,1715,1736,1736,1741,1739,1739,1752,1790,1846,1903,1937,1927,1924,1918,1991,2008,2191,2191,2182,2164,2164,2164,2110,2106,2115,2183,2183,2183,2185,2185,2236,2231,2231,2238,2257,2278,2286,2299,2299,2305,2305,2302,2290,2277,2269,2289,2291,2255,2278,2264,2264,2307,2307,2307,2328,2328,2445,2445,2443,2442,2452,2452,2452,2452,2452,2452,2475,2469,2473,2471,2476,2476,2476,2481,2476,2458,2458,2478,2478,2494,2508,2508,2520,2520,2520,2520,2520,2520,2507,2507,2507,2514,2524,2547,2544,2544,2536,2538,2542,2548,2548,2548,2550,2550,2574,2571,2580,2580,2598,2597,2584,2584,2584,2584,2584,2584,2584,2584,2584,2584,2584,2584,2584,2589,2589,2589,2589,2580,2568,2568,2604,2604,2601,2618,2618,2610,2608,2608
Raja Harshit,M,,,,,,,,,,,,,,,,,,,,,,,,,,,,,,,,,,,,,,1483,1492,1492,1490,1490,1490,1501,1501,1473,1593,1637,1658,1676,1669,1685,1697,1684,1684,1687,1687,1730,1730,1783,1783,1801,1819,1819,1831,1866,1866,1902,1902,1902,1915,1934,1934,1996,1996,1996,1996,2011,2016,2057,2092,1996,2000,2054,2116,2143,2072,2072,2154,2154,2154,2205,2247,2169,2110,2119,2324,2363,2363,2341,2329,2329,2321,2351,2354,2326,2302,2319,2340,2340,2334,2334,2334,2334,2350,2377,2434,2423,2423,2420,2420,2427,2448,2444,2442,2442,2442,2442,2419,2419,2420,2432,2432,2432,2432,2432,2432,2446,2437,2434,2445,2443,2440,2447,2447,2482,2472,2472,2472,2472,2472,2472,2472,2472,2472,2472,2472,2472,2472,2472,2472,2459,2459,2484,2486,2494,2494,2494,2484,2484,2482,2482,2479,2479,2479
Raja Rithvik R,M,,,,,,,,,,,,,,,,,,,,,,,,,,,,,,,,,,,,,,,,,,,,,,,,,,,1566,1566,1517,1509,1509,1528,1528,1528,1528,1511,1536,1562,1595,1595,1599,1599,1631,1631,1631,1667,1698,1724,1724,1742,1746,1746,1746,1746,1746,1742,1742,1665,1665,1712,1728,1821,1721,1721,1721,1721,1743,1753,1878,1838,1899,1873,1884,1887,2054,2054,2054,2054,2054,2016,2016,1958,1958,1999,1999,1991,2155,2155,2155,2155,2155,2205,2185,2237,2237,2241,2326,2326,2227,2227,2280,2316,2296,2343,2436,2421,2421,2421,2415,2431,2443,2423,2391,2381,2381,2357,2364,2369,2369,2381,2381,2412,2408,2408,2408,2408,2408,2408,2408,2408,2408,2408,2408,2408,2408,2408,2408,2408,2408,2408,2433,2483,2497,2490,2490,2490,2490,2490,2490,2491,2491
"Ramaswamy, Aarthie ",F,2219,2319,2262,2250,2291,2249,2301,2320,2295,2290,2271,2284,2348,2316,2322,2280,2263,2299,2267,2245,2236,2239,2239,2239,2239,2216,2228,2224,2285,2281,2317,2322,2298,2265,2223,2203,2191,2199,2199,2213,2211,2210,2210,2210,2210,2210,2210,2210,2210,2210,2209,2209,2179,2155,2154,2148,2148,2148,2148,2148,2142,2105,2102,2102,2091,2091,2091,2091,2091,2088,2088,2088,2088,2088,2088,2100,2100,2100,2100,2100,2100,2096,2059,2041,2041,2041,2041,2042,2042,2073,2073,2073,2073,2073,2073,2073,2073,2073,2073,2075,2075,2075,2075,2075,2075,2075,2075,2075,2085,2085,2085,2073,2073,2073,2089,2072,2023,2023,2023,2023,2023,2023,2023,2016,2016,2016,2016,2016,2016,2016,2016,1994,2004,2004,2004,2020,2020,2020,2020,2020,2072,2072,2072,2072,2072,2072,2072,2074,2074,2074,2074,2074,2074,2074,2074,2074,2074,2074,2074,2074,2074,2074,2074,2074,2074,2074,2074,2074,2074,2074,2074,2074,2074,2074,2074
Ramesh R B,M,2443,2450,2466,2467,2458,2445,2467,2480,2470,2456,2475,2472,2444,2440,2466,2506,2493,2484,2465,2464,2466,2468,2487,2491,2507,2490,2491,2483,2471,2470,2473,2473,2472,2478,2482,2482,2482,2482,2482,2482,2482,2472,2472,2472,2472,2472,2472,2472,2472,2472,2472,2472,2472,2472,2472,2472,2472,2472,2472,2472,2472,2472,2472,2472,2472,2472,2472,2472,2472,2472,2472,2472,2472,2472,2472,2472,2472,2472,2472,2472,2472,2472,2472,2472,2472,2472,2472,2472,2472,2464,2464,2464,2464,2464,2464,2464,2464,2464,2464,2464,2464,2464,2464,2464,2464,2464,2464,2464,2470,2470,2470,2470,2470,2470,2470,2470,2470,2470,2472,2472,2472,2472,2472,2472,2472,2472,2472,2472,2472,2472,2472,2472,2472,2472,2472,2472,2472,2472,2472,2472,2472,2472,2472,2472,2472,2472,2472,2472,2472,2472,2472,2472,2472,2472,2472,2472,2472,2472,2472,2472,2472,2472,2472,2472,2472,2472,2472,2472,2472,2472,2472,2472,2472,2472,2472
"Roy Chowdhury, Saptarshi ",M,2223,2226,2231,2297,2306,2354,2350,2358,2365,2347,2376,2395,2422,2423,2421,2400,2391,2393,2376,2368,2397,2381,2397,2387,2381,2394,2423,2425,2442,2420,2418,2418,2434,2411,2447,2444,2469,2435,2436,2427,2413,2429,2473,2457,2457,2448,2449,2459,2445,2440,2427,2411,2414,2405,2411,2391,2391,2419,2433,2441,2441,2451,2472,2472,2471,2486,2500,2500,2494,2494,2494,2494,2494,2494,2494,2491,2491,2453,2428,2428,2426,2426,2426,2426,2426,2426,2426,2422,2413,2413,2391,2391,2373,2361,2357,2357,2357,2357,2357,2357,2351,2351,2351,2351,2351,2351,2351,2351,2351,2351,2345,2345,2345,2326,2326,2317,2317,2318,2318,2318,2318,2318,2333,2342,2342,2338,2330,2299,2301,2296,2296,2296,2296,2296,2296,2296,2296,2292,2291,2291,2294,2294,2294,2294,2294,2286,2286,2287,2287,2287,2287,2287,2287,2287,2287,2287,2287,2287,2287,2287,2287,2287,2287,2287,2287,2287,2287,2287,2287,2287,2287,2287,2287,2273,2273
"Sadhwani, Raunak ",M,,,,,,,,,,,,,,,,,,,,,,,,,,,,,,,,,,,,,,,,,,,,,,,,,,,,,,,,,,,,,,,,,,,,,,,1309,1309,1317,1317,1416,1416,1467,1520,1529,1569,1569,1621,1715,1715,1715,1712,1838,1838,1838,1838,1816,1881,1895,1981,1981,2077,2104,2104,2145,2167,2167,2114,2083,2123,2069,2117,2173,2246,2246,2246,2218,2218,2218,2298,2328,2314,2359,2339,2339,2339,2310,2321,2339,2369,2358,2378,2409,2409,2424,2438,2438,2434,2434,2451,2448,2455,2475,2482,2482,2477,2493,2479,2479,2507,2507,2522,2522,2545,2545,2545,2545,2545,2545,2545,2545,2545,2545,2545,2545,2545,2555,2555,2555,2555,2579,2603,2609,2609,2616,2616,2616,2616,2628,2620,2620
Sankalp Gupta,M,,,,,,,,,,,,,,,,,,,,,,,,,,,,,,,,,,,,,,,,,,,,,,,,,,1217,1211,1209,1209,1204,1204,1204,1204,1204,1204,1357,1357,1357,1357,1357,1357,1357,1357,1422,1455,1455,1474,1474,1474,1474,1592,1592,1592,1592,1605,1639,1699,1778,1750,1750,1750,1820,1859,1859,1859,1859,1965,1965,1919,2055,2047,2069,2069,2069,2144,2099,2099,2099,2099,1990,1988,2049,2204,2116,2093,2093,2265,2265,2265,2269,2255,2255,2254,2244,2244,2295,2295,2303,2374,2374,2374,2362,2365,2341,2304,2352,2352,2352,2378,2345,2345,2345,2339,2359,2359,2416,2416,2376,2369,2365,2365,2400,2425,2429,2429,2429,2429,2429,2429,2429,2429,2429,2429,2429,2429,2429,2429,2429,2429,2429,2433,2433,2446,2468,2504,2522,2536,2536,2504,2505,2505
"Saptarshi, Roy ",M,2107,2198,2236,2236,2239,2220,2196,2204,2204,2202,2285,2303,2335,2335,2333,2329,2356,2363,2425,2428,2391,2378,2361,2363,2356,2373,2417,2396,2417,2421,2412,2404,2387,2404,2404,2410,2396,2413,2389,2402,2407,2419,2391,2387,2374,2382,2399,2395,2377,2385,2385,2378,2378,2384,2394,2389,2406,2421,2419,2402,2402,2411,2418,2418,2426,2447,2447,2447,2454,2451,2451,2451,2451,2451,2434,2434,2434,2433,2433,2449,2436,2448,2448,2448,2448,2448,2444,2444,2444,2444,2452,2452,2442,2442,2442,2442,2442,2438,2438,2438,2438,2438,2435,2418,2418,2418,2418,2418,2418,2418,2425,2425,2425,2407,2449,2449,2449,2449,2449,2449,2472,2476,2500,2500,2500,2500,2500,2500,2496,2496,2496,2496,2494,2494,2480,2480,2480,2480,2480,2480,2480,2480,2456,2466,2460,2460,2411,2411,2411,2411,2411,2411,2411,2411,2411,2411,2411,2411,2411,2407,2402,2402,2402,2402,2402,2402,2402,2402,2402,2402,2402,2402,2388,2388,2388
"Sasikiran, Krishnan ",M,2514,2573,2594,2601,2611,2589,2569,2569,2633,2650,2670,2664,2658,2654,2679,2654,2659,2666,2668,2657,2642,2652,2663,2670,2692,2675,2675,2700,2690,2676,2661,2677,2679,2684,2694,2711,2682,2669,2661,2664,2653,2686,2690,2679,2681,2688,2690,2682,2676,2681,2689,2689,2700,2703,2720,2707,2707,2707,2680,2676,2676,2676,2677,2677,2663,2669,2660,2660,2660,2660,2662,2666,2666,2676,2676,2676,2680,2669,2669,2669,2669,2680,2682,2682,2682,2682,2682,2682,2654,2642,2642,2640,2640,2639,2639,2638,2638,2632,2632,2637,2643,2642,2639,2639,2658,2658,2654,2654,2661,2661,2674,2674,2668,2669,2669,2688,2688,2676,2677,2677,2680,2680,2671,2671,2662,2666,2666,2666,2671,2672,2672,2671,2673,2678,2678,2678,2673,2673,2673,2675,2675,2675,2675,2660,2656,2648,2648,2647,2647,2647,2647,2647,2647,2647,2647,2647,2647,2647,2647,2647,2647,2647,2647,2647,2647,2647,2640,2640,2650,2650,2650,2650,2650,2651,2635
"Sengupta, Deep ",M,2129,2169,2141,2141,2193,2262,2287,2292,2273,2288,2285,2296,2325,2363,2308,2349,2381,2372,2359,2400,2414,2414,2400,2393,2401,2420,2420,2416,2443,2435,2447,2476,2446,2454,2441,2445,2466,2488,2494,2488,2480,2496,2508,2527,2558,2558,2530,2564,2563,2563,2572,2562,2562,2572,2554,2548,2542,2539,2539,2540,2540,2549,2549,2549,2548,2548,2548,2555,2580,2589,2589,2570,2570,2538,2538,2529,2531,2536,2536,2533,2552,2566,2566,2566,2566,2569,2565,2567,2576,2571,2571,2590,2594,2580,2580,2589,2563,2563,2556,2554,2554,2543,2543,2551,2571,2571,2570,2579,2575,2575,2582,2583,2583,2586,2594,2596,2589,2589,2587,2587,2586,2586,2572,2579,2579,2563,2565,2565,2557,2557,2557,2557,2565,2565,2555,2551,2551,2559,2559,2558,2546,2557,2557,2557,2564,2550,2534,2527,2527,2527,2527,2527,2527,2527,2527,2527,2527,2527,2527,2527,2527,2527,2527,2527,2527,2527,2515,2506,2520,2535,2528,2528,2526,2526,2526
"Sethuraman, S.P. ",M,,,,,,,,,,,,,,1900,1900,2193,2167,2146,2171,2256,2242,2203,2203,2223,2231,2290,2329,2363,2332,2380,2427,2424,2425,2425,2441,2415,2451,2455,2443,2447,2493,2493,2493,2513,2535,2547,2545,2527,2527,2529,2529,2543,2529,2546,2546,2535,2546,2553,2553,2520,2520,2556,2538,2532,2541,2541,2560,2562,2582,2553,2566,2553,2553,2573,2574,2578,2576,2582,2576,2590,2590,2613,2613,2622,2622,2624,2632,2623,2634,2623,2623,2623,2635,2640,2640,2651,2639,2639,2639,2658,2658,2647,2653,2656,2649,2640,2633,2649,2647,2637,2623,2629,2624,2633,2625,2625,2618,2617,2632,2638,2646,2646,2646,2649,2631,2657,2657,2657,2666,2673,2673,2664,2664,2665,2651,2637,2624,2613,2613,2630,2630,2624,2624,2634,2638,2638,2641,2644,2644,2644,2644,2644,2644,2644,2644,2644,2644,2644,2644,2644,2644,2644,2644,2644,2644,2628,2620,2620,2613,2609,2619,2619,2610,2613,2613
"Shyam, Sundar M. ",M,,,,,,,,,,,,,1914,1900,1900,1995,2012,1990,2034,2091,2134,2133,2133,2136,2185,2290,2261,2302,2247,2239,2241,2274,2307,2312,2402,2426,2424,2415,2403,2401,2377,2372,2372,2414,2417,2439,2443,2457,2457,2478,2457,2462,2462,2474,2486,2486,2486,2494,2494,2484,2484,2501,2505,2505,2505,2502,2502,2505,2536,2536,2536,2544,2534,2507,2507,2507,2481,2486,2468,2468,2468,2468,2484,2484,2484,2489,2487,2491,2482,2482,2496,2492,2499,2495,2495,2481,2485,2490,2512,2523,2530,2530,2530,2526,2550,2552,2552,2543,2532,2532,2554,2536,2535,2535,2534,2533,2546,2527,2527,2527,2527,2532,2521,2525,2518,2518,2527,2527,2527,2505,2505,2509,2509,2509,2512,2508,2519,2520,2520,2520,2520,2527,2527,2527,2518,2518,2518,2518,2518,2518,2518,2518,2518,2518,2518,2518,2518,2518,2518,2518,2518,2518,2518,2518,2518,2518,2518,2528,2528,2528,2528,2528,2526,2526,2526
"Srija, Seshadri ",F,,,,,,,,,,,,,,,,,,,,,,,,,,,,,,,,,,1666,1706,1784,1784,1798,1816,1822,1792,1807,1802,1811,1832,1840,1844,1858,1889,1900,1861,1926,1968,2014,1975,1981,1985,1964,1964,1989,1989,1971,1971,1971,1971,1990,1953,2008,1993,1999,1999,1991,1980,1958,1958,1958,1958,2000,2022,2038,2034,2099,2099,2180,2104,2095,2095,2095,2095,2095,2219,2145,2046,1875,1911,1921,2084,2092,2145,2160,2160,2160,2160,2160,2102,2087,2087,2087,2087,2091,2164,2166,2166,2200,2200,2200,2167,2203,2203,2203,2203,2203,2252,2264,2264,2207,2207,2255,2255,2246,2246,2224,2210,2210,2176,2174,2174,2174,2174,2306,2284,2270,2270,2225,2225,2225,2205,2219,2219,2219,2219,2219,2219,2219,2219,2219,2219,2219,2219,2219,2219,2219,2219,2219,2219,2219,2219,2219,2219,2219,2219,2219,2241,2241,2241
"Sriram, Jha ",M,2356,2409,2409,2412,2390,2399,2401,2408,2424,2421,2441,2448,2451,2442,2458,2450,2386,2393,2431,2451,2445,2437,2450,2444,2444,2408,2399,2419,2425,2459,2459,2457,2451,2428,2457,2441,2453,2459,2497,2497,2511,2506,2507,2490,2455,2460,2465,2442,2446,2421,2410,2418,2406,2406,2436,2428,2428,2422,2432,2426,2426,2426,2426,2426,2421,2417,2417,2437,2432,2432,2432,2432,2430,2430,2440,2433,2403,2403,2375,2375,2390,2412,2417,2417,2413,2413,2413,2409,2409,2409,2396,2396,2400,2399,2404,2416,2416,2416,2430,2430,2435,2422,2422,2422,2415,2418,2416,2426,2426,2384,2384,2396,2396,2390,2375,2375,2375,2367,2367,2383,2383,2393,2388,2392,2392,2412,2412,2409,2394,2402,2394,2400,2393,2373,2376,2381,2381,2381,2381,2381,2381,2385,2385,2384,2384,2383,2383,2379,2379,2379,2379,2379,2379,2379,2379,2379,2379,2379,2379,2379,2379,2379,2379,2379,2379,2379,2379,2379,2379,2379,2379,2379,2358,2361,2361
"Stany, G.A. ",M,,,,,,,,,,,,,,,,,,,1992,1992,1992,1992,1997,1997,1985,1971,2015,2015,2058,2093,2097,2155,2212,2279,2302,2250,2269,2301,2325,2338,2349,2349,2330,2334,2331,2329,2395,2407,2407,2435,2431,2395,2406,2376,2393,2393,2414,2403,2404,2417,2437,2454,2456,2449,2432,2432,2384,2388,2388,2388,2388,2397,2397,2404,2394,2396,2396,2399,2399,2399,2404,2400,2400,2404,2404,2404,2381,2380,2374,2374,2374,2380,2392,2385,2385,2404,2421,2421,2429,2443,2443,2476,2476,2476,2476,2471,2471,2485,2485,2485,2500,2495,2495,2489,2489,2500,2491,2491,2491,2502,2502,2500,2500,2494,2493,2489,2483,2483,2494,2502,2502,2509,2509,2517,2517,2507,2514,2527,2525,2525,2525,2504,2504,2512,2526,2519,2522,2522,2522,2522,2522,2522,2522,2522,2522,2522,2522,2522,2522,2522,2522,2522,2522,2522,2522,2522,2522,2517,2517,2517,2517,2517,2515,2510,2510
"Sundararajan, Kidambi ",M,2433,2404,2398,2408,2408,2421,2423,2412,2401,2389,2408,2416,2440,2442,2446,2437,2452,2452,2476,2473,2491,2484,2497,2495,2495,2472,2451,2462,2458,2447,2442,2442,2441,2446,2501,2492,2487,2506,2516,2516,2526,2520,2520,2463,2449,2449,2449,2467,2467,2491,2474,2475,2475,2447,2447,2459,2453,2450,2450,2434,2434,2431,2428,2428,2428,2428,2428,2435,2458,2471,2435,2435,2435,2411,2400,2400,2414,2414,2414,2414,2424,2415,2415,2415,2415,2431,2431,2432,2419,2426,2426,2433,2441,2497,2497,2513,2513,2508,2504,2474,2474,2469,2469,2456,2442,2439,2429,2420,2420,2420,2419,2422,2422,2447,2447,2444,2422,2426,2417,2418,2419,2423,2427,2427,2436,2434,2425,2425,2433,2445,2445,2458,2458,2436,2413,2413,2413,2413,2413,2413,2418,2422,2422,2422,2414,2414,2389,2389,2389,2389,2389,2389,2389,2389,2389,2389,2389,2389,2389,2389,2389,2389,2389,2389,2389,2389,2389,2389,2389,2389,2389,2389,2389,2389,2389
"Swapnil, S. Dhopade ",M,,,,,,,,,,,,,1970,1972,1986,2006,2006,2006,2019,2026,2034,2034,2057,2057,2069,2071,2209,2336,2336,2280,2261,2319,2354,2389,2410,2361,2340,2368,2407,2406,2429,2442,2457,2426,2425,2409,2418,2410,2424,2413,2411,2435,2435,2426,2445,2456,2456,2456,2459,2438,2438,2474,2487,2487,2475,2469,2469,2480,2489,2471,2471,2454,2458,2427,2427,2424,2438,2434,2419,2421,2413,2423,2418,2418,2418,2424,2438,2450,2446,2450,2453,2453,2458,2483,2497,2497,2488,2488,2478,2500,2499,2501,2504,2500,2500,2494,2522,2526,2526,2527,2534,2542,2545,2533,2533,2517,2516,2532,2516,2545,2533,2533,2531,2526,2526,2505,2495,2495,2487,2493,2493,2490,2490,2487,2488,2489,2488,2488,2488,2488,2501,2501,2495,2495,2495,2495,2495,2495,2495,2495,2495,2495,2495,2495,2495,2495,2495,2495,2495,2495,2495,2495,2495,2495,2495,2495,2495,2495,2495,2495,2495,2495,2494,2499,2499
Swati Ghate,F,2297,2246,2230,2271,2271,2260,2342,2362,2222,2234,2247,2261,2280,2299,2309,2297,2299,2266,2253,2238,2238,2241,2248,2244,2262,2379,2385,2343,2307,2317,2316,2337,2350,2351,2320,2331,2330,2344,2323,2323,2323,2323,2322,2322,2302,2302,2297,2307,2317,2300,2278,2293,2274,2274,2286,2283,2283,2263,2263,2268,2254,2254,2246,2246,2260,2260,2260,2226,2226,2227,2242,2242,2255,2255,2255,2255,2269,2260,2260,2234,2234,2234,2232,2232,2188,2188,2234,2242,2279,2279,2279,2279,2213,2213,2230,2230,2268,2268,2268,2279,2279,2281,2281,2233,2233,2233,2260,2260,2257,2257,2257,2254,2280,2280,2278,2278,2277,2277,2277,2277,2277,2262,2222,2249,2215,2215,2215,2215,2215,2215,2215,2256,2216,2216,2229,2220,2220,2220,2220,2192,2167,2167,2136,2136,2136,2136,2136,2145,2145,2145,2145,2145,2145,2145,2145,2145,2145,2145,2145,2145,2145,2145,2145,2145,2145,2145,2145,2145,2136,2136,2136,2136,2118,2089,2089
"Swayams, Mishra ",M,,,,,,,,,,,,,,,,,,,2015,1986,1983,1983,2061,2061,2069,2100,2150,2173,2161,2186,2187,2214,2235,2211,2211,2211,2211,2266,2259,2340,2340,2397,2397,2377,2377,2393,2381,2381,2370,2378,2354,2386,2386,2420,2420,2400,2400,2393,2393,2423,2439,2431,2410,2410,2406,2406,2406,2436,2431,2434,2434,2435,2440,2426,2430,2445,2442,2442,2457,2478,2479,2484,2491,2491,2491,2480,2480,2440,2424,2439,2439,2429,2446,2444,2444,2468,2477,2479,2478,2470,2463,2465,2465,2457,2468,2471,2472,2473,2473,2491,2460,2450,2450,2448,2440,2440,2455,2444,2438,2433,2432,2432,2439,2447,2447,2447,2463,2463,2467,2463,2463,2452,2452,2432,2468,2478,2478,2473,2493,2493,2479,2479,2479,2479,2479,2479,2485,2489,2489,2489,2489,2489,2489,2489,2489,2489,2489,2489,2489,2489,2489,2489,2489,2489,2489,2489,2489,2489,2489,2489,2489,2489,2489,2489,2489
"Thejkumar, M. S. ",M,2252,2265,2269,2280,2257,2257,2257,2257,2257,2257,2257,2257,2257,2257,2257,2257,2291,2291,2331,2338,2386,2386,2409,2384,2365,2336,2322,2321,2323,2327,2355,2382,2414,2441,2441,2424,2420,2456,2467,2453,2435,2437,2439,2416,2435,2448,2457,2458,2451,2448,2450,2452,2455,2446,2450,2454,2454,2448,2448,2442,2442,2407,2407,2407,2412,2406,2406,2403,2421,2421,2421,2452,2452,2474,2474,2460,2460,2460,2435,2444,2439,2422,2430,2443,2443,2459,2437,2450,2450,2450,2461,2467,2479,2451,2451,2440,2440,2440,2429,2427,2427,2445,2445,2445,2445,2445,2445,2453,2458,2459,2461,2482,2482,2482,2484,2491,2481,2492,2500,2500,2500,2500,2500,2493,2493,2495,2495,2495,2471,2471,2471,2471,2470,2470,2470,2458,2458,2458,2458,2458,2444,2444,2444,2442,2442,2438,2438,2433,2433,2433,2433,2433,2433,2433,2433,2433,2433,2433,2433,2433,2433,2433,2433,2433,2433,2433,2433,2433,2433,2433,2433,2433,2433,2430,2430
"Thipsay, Praveen M ",M,2475,2453,2453,2453,2453,2453,2456,2456,2457,2460,2460,2465,2463,2475,2486,2486,2469,2469,2464,2488,2488,2488,2488,2488,2488,2494,2494,2485,2470,2470,2473,2473,2444,2444,2444,2453,2446,2446,2466,2466,2469,2461,2461,2461,2465,2465,2461,2461,2444,2444,2433,2435,2435,2418,2418,2418,2418,2418,2418,2419,2419,2419,2419,2419,2419,2419,2419,2419,2419,2419,2419,2419,2419,2408,2408,2408,2408,2408,2408,2408,2408,2408,2408,2411,2411,2409,2409,2409,2409,2409,2419,2419,2419,2419,2419,2419,2419,2419,2419,2419,2419,2419,2419,2419,2419,2419,2419,2419,2419,2419,2419,2419,2419,2419,2419,2419,2417,2417,2417,2417,2417,2417,2417,2418,2418,2425,2405,2405,2410,2410,2410,2400,2400,2405,2405,2405,2405,2405,2405,2394,2376,2376,2376,2376,2376,2376,2376,2376,2376,2376,2376,2376,2376,2376,2376,2376,2376,2376,2376,2376,2376,2376,2376,2376,2376,2376,2376,2376,2376,2376,2376,2376,2376,2376,2376
"Vaibhav, Suri ",M,,,,,,,,,,,,,,,,,,,,,,,,,,,1840,1848,1965,1966,1969,1962,2014,2081,2125,2192,2222,2254,2334,2344,2326,2331,2347,2419,2418,2418,2421,2430,2430,2430,2430,2448,2448,2494,2485,2513,2502,2502,2494,2494,2494,2503,2513,2513,2513,2535,2535,2528,2526,2527,2527,2544,2544,2547,2530,2530,2530,2524,2511,2521,2521,2521,2551,2551,2551,2551,2551,2551,2551,2551,2551,2551,2552,2552,2561,2561,2552,2552,2556,2556,2556,2556,2556,2556,2556,2557,2552,2552,2552,2552,2552,2558,2558,2558,2558,2558,2560,2560,2560,2560,2542,2542,2544,2544,2556,2556,2556,2556,2561,2583,2597,2589,2589,2590,2575,2589,2599,2599,2599,2591,2591,2589,2597,2597,2597,2593,2591,2600,2600,2600,2600,2600,2600,2600,2600,2600,2600,2600,2600,2600,2600,2600,2600,2600,2600,2600,2600,2600,2600,2600,2600,2600,2600,2600,2600
Vantika Agrawal,F,,,,,,,,,,,,,,,,,,,,,,,,,,,,,,,,,,,,,,,,,,,,,,,,1208,1221,1201,1262,1281,1364,1412,1412,1458,1458,1490,1592,1564,1581,1578,1574,1574,1620,1620,1641,1641,1670,1696,1715,1728,1747,1769,1841,1841,1842,1831,1838,1840,1916,1842,1881,1965,1982,1989,1877,1877,1855,1855,1963,1930,1950,2032,2039,2008,2048,2048,2052,2052,2052,1961,1961,1974,1974,2012,1948,2051,2059,2059,2130,2130,2130,2230,2230,2230,2237,2314,2314,2314,2314,2296,2296,2296,2296,2296,2279,2295,2225,2210,2210,2210,2143,2149,2171,2171,2171,2223,2223,2243,2287,2304,2283,2287,2287,2287,2286,2286,2286,2286,2286,2286,2286,2286,2286,2286,2286,2286,2286,2286,2286,2286,2286,2286,2286,2315,2322,2329,2381,2381,2381,2381,2364,2371,2371
"Varshini, V ",F,,,,,,,,,,,,,,,,,,,,,,,,,,,,,,,,,,,,,,,1539,1539,1514,1518,1524,1571,1685,1678,1687,1663,1663,1776,1801,1790,1809,1825,1846,1931,1909,1909,1894,1881,1881,1902,1928,1927,1923,1923,1905,1916,1940,1955,1966,1966,1962,1952,1952,1948,1948,1951,1984,1984,2015,1987,2066,2015,2011,2071,2186,2140,2160,2232,2126,1958,2040,2105,2105,2163,2271,2271,2271,2271,2271,2223,2129,2129,2129,2117,2117,2117,2117,2047,2047,2050,2050,2050,2050,2140,2140,2086,2056,2056,2056,2062,2103,2122,2122,2129,2129,2184,2205,2173,2171,2171,2171,2171,2223,2191,2182,2189,2189,2087,2128,2216,2227,2227,2227,2227,2242,2226,2226,2226,2226,2226,2226,2226,2226,2226,2226,2226,2226,2226,2226,2226,2226,2226,2196,2165,2165,2165,2165,2165,2206,2206,2126,2126,2128
"Venkatesh, M.R. ",M,2234,2246,2245,2280,2311,2356,2415,2415,2410,2408,2409,2399,2391,2377,2401,2392,2434,2439,2450,2429,2435,2435,2431,2438,2438,2479,2466,2486,2469,2443,2451,2444,2450,2462,2468,2470,2432,2426,2419,2429,2432,2441,2452,2410,2400,2434,2468,2455,2463,2480,2479,2499,2499,2509,2517,2506,2506,2511,2511,2520,2520,2501,2501,2508,2508,2506,2506,2524,2524,2524,2524,2524,2524,2524,2515,2515,2515,2519,2498,2498,2503,2477,2477,2477,2477,2460,2460,2470,2484,2484,2484,2484,2484,2464,2464,2464,2451,2443,2443,2443,2445,2445,2445,2445,2450,2454,2444,2439,2439,2439,2403,2396,2396,2400,2400,2400,2411,2419,2418,2428,2428,2445,2445,2487,2487,2499,2499,2499,2499,2527,2528,2528,2528,2517,2517,2517,2517,2482,2490,2480,2480,2481,2491,2491,2491,2501,2494,2493,2493,2493,2493,2493,2493,2493,2493,2493,2493,2493,2493,2493,2493,2493,2493,2493,2493,2493,2493,2493,2493,2493,2493,2493,2493,2490,2479
"Vidit, Santosh Gujrathi ",M,,,,,,,,,,,,,,,,,,1903,1903,1903,2041,2041,2095,2095,2156,2168,2213,2192,2234,2277,2315,2319,2337,2356,2355,2447,2441,2447,2423,2459,2504,2504,2504,2492,2502,2489,2495,2495,2495,2492,2508,2513,2513,2528,2528,2530,2498,2500,2501,2527,2527,2546,2546,2549,2549,2549,2554,2563,2563,2565,2582,2582,2587,2602,2602,2602,2610,2606,2602,2602,2602,2621,2635,2625,2625,2617,2617,2625,2630,2643,2643,2643,2644,2651,2651,2651,2644,2642,2642,2648,2648,2658,2666,2658,2669,2669,2686,2689,2689,2673,2673,2673,2670,2687,2692,2693,2693,2702,2713,2721,2715,2718,2723,2723,2707,2707,2710,2718,2715,2711,2711,2702,2701,2695,2711,2711,2717,2707,2707,2703,2705,2718,2718,2722,2721,2721,2721,2726,2726,2726,2726,2726,2726,2726,2726,2726,2726,2726,2726,2726,2726,2726,2726,2726,2726,2727,2727,2727,2727,2727,2727,2723,2723,2723,2723
Visakh N R,M,,,,,,,,,,,,,,,,,,,,,,,,,,,,,,,,,,,,,,,1607,1607,1649,1709,1755,1785,1854,1921,1928,2040,2030,2042,2056,2060,2046,2096,2110,2202,2179,2172,2121,2152,2180,2205,2250,2250,2243,2243,2227,2217,2227,2227,2218,2273,2303,2330,2374,2374,2340,2340,2340,2332,2308,2300,2282,2319,2346,2346,2375,2389,2369,2375,2375,2393,2411,2389,2388,2388,2388,2388,2386,2400,2400,2400,2400,2431,2431,2456,2456,2453,2453,2453,2464,2464,2464,2470,2470,2470,2458,2458,2458,2457,2457,2457,2457,2467,2467,2467,2467,2471,2489,2489,2489,2489,2491,2486,2505,2509,2509,2518,2518,2526,2529,2529,2529,2516,2516,2518,2518,2516,2516,2516,2516,2516,2516,2516,2516,2516,2516,2516,2516,2516,2516,2516,2516,2516,2516,2510,2515,2515,2515,2522,2522,2522,2514,2506,2506
Vishnu Prasanna. V,M,,,,,,,,,,,,,,,,,,,,1982,1983,2009,2009,2009,1994,2056,2056,2068,2137,2217,2297,2340,2353,2341,2291,2266,2286,2330,2342,2350,2358,2345,2345,2341,2403,2406,2369,2358,2355,2340,2382,2392,2392,2406,2431,2435,2435,2484,2473,2463,2469,2488,2483,2483,2470,2480,2494,2496,2496,2496,2496,2505,2523,2468,2468,2462,2465,2467,2459,2459,2469,2463,2463,2463,2463,2463,2463,2477,2479,2482,2482,2502,2502,2503,2503,2514,2514,2518,2526,2524,2524,2524,2524,2512,2512,2512,2522,2530,2532,2532,2532,2534,2542,2538,2538,2538,2538,2543,2543,2536,2536,2526,2526,2526,2510,2532,2525,2525,2517,2504,2504,2518,2518,2524,2524,2524,2515,2511,2511,2505,2507,2505,2505,2493,2493,2474,2476,2476,2476,2476,2476,2476,2476,2476,2476,2476,2476,2476,2476,2476,2476,2476,2476,2476,2476,2476,2476,2476,2476,2476,2476,2476,2437,2437,2437